id,cont_id,active,floor,rack,cell,side
1_A_1_1_1_L,,True,1,1,1,L
1_A_1_1_1_R,,True,1,1,1,R
1_A_1_1_2_L,,True,1,1,2,L
1_A_1_1_2_R,,True,1,1,2,R
1_A_1_1_3_L,,True,1,1,3,L
1_A_1_1_3_R,,True,1,1,3,R
1_A_1_1_4_L,,True,1,1,4,L
1_A_1_1_4_R,,True,1,1,4,R
1_A_1_1_5_L,,True,1,1,5,L
1_A_1_1_5_R,,True,1,1,5,R
1_A_1_1_6_L,,True,1,1,6,L
1_A_1_1_6_R,,True,1,1,6,R
1_A_1_1_7_L,,True,1,1,7,L
1_A_1_1_7_R,,True,1,1,7,R
1_A_1_1_8_L,,True,1,1,8,L
1_A_1_1_8_R,,True,1,1,8,R
1_A_1_1_9_L,,True,1,1,9,L
1_A_1_1_9_R,,True,1,1,9,R
1_A_1_1_10_L,,True,1,1,10,L
1_A_1_1_10_R,,True,1,1,10,R
1_A_1_1_11_L,,True,1,1,11,L
1_A_1_1_11_R,,True,1,1,11,R
1_A_1_1_12_L,,True,1,1,12,L
1_A_1_1_12_R,,True,1,1,12,R
1_A_1_1_13_L,,True,1,1,13,L
1_A_1_1_13_R,,True,1,1,13,R
1_A_1_1_14_L,,True,1,1,14,L
1_A_1_1_14_R,,True,1,1,14,R
1_A_1_1_15_L,,True,1,1,15,L
1_A_1_1_15_R,,True,1,1,15,R
1_A_1_1_16_L,,True,1,1,16,L
1_A_1_1_16_R,,True,1,1,16,R
1_A_1_1_17_L,,True,1,1,17,L
1_A_1_1_17_R,,True,1,1,17,R
1_A_1_1_18_L,,True,1,1,18,L
1_A_1_1_18_R,,True,1,1,18,R
1_A_1_1_19_L,,True,1,1,19,L
1_A_1_1_19_R,,True,1,1,19,R
1_A_1_1_20_L,,True,1,1,20,L
1_A_1_1_20_R,,True,1,1,20,R
1_A_1_1_21_L,,True,1,1,21,L
1_A_1_1_21_R,,True,1,1,21,R
1_A_1_1_22_L,,True,1,1,22,L
1_A_1_1_22_R,,True,1,1,22,R
1_A_1_1_23_L,,True,1,1,23,L
1_A_1_1_23_R,,True,1,1,23,R
1_A_1_1_24_L,,True,1,1,24,L
1_A_1_1_24_R,,True,1,1,24,R
1_A_1_1_25_L,,True,1,1,25,L
1_A_1_1_25_R,,True,1,1,25,R
1_A_1_1_26_L,,True,1,1,26,L
1_A_1_1_26_R,,True,1,1,26,R
1_A_1_1_27_L,,True,1,1,27,L
1_A_1_1_27_R,,True,1,1,27,R
1_A_1_2_1_L,,True,1,2,1,L
1_A_1_2_1_R,,True,1,2,1,R
1_A_1_2_2_L,,True,1,2,2,L
1_A_1_2_2_R,,True,1,2,2,R
1_A_1_2_3_L,,True,1,2,3,L
1_A_1_2_3_R,,True,1,2,3,R
1_A_1_2_4_L,,True,1,2,4,L
1_A_1_2_4_R,,True,1,2,4,R
1_A_1_2_5_L,,True,1,2,5,L
1_A_1_2_5_R,,True,1,2,5,R
1_A_1_2_6_L,,True,1,2,6,L
1_A_1_2_6_R,,True,1,2,6,R
1_A_1_2_7_L,,True,1,2,7,L
1_A_1_2_7_R,,True,1,2,7,R
1_A_1_2_8_L,,True,1,2,8,L
1_A_1_2_8_R,,True,1,2,8,R
1_A_1_2_9_L,,True,1,2,9,L
1_A_1_2_9_R,,True,1,2,9,R
1_A_1_2_10_L,,True,1,2,10,L
1_A_1_2_10_R,,True,1,2,10,R
1_A_1_2_11_L,,True,1,2,11,L
1_A_1_2_11_R,,True,1,2,11,R
1_A_1_2_12_L,,True,1,2,12,L
1_A_1_2_12_R,,True,1,2,12,R
1_A_1_2_13_L,,True,1,2,13,L
1_A_1_2_13_R,,True,1,2,13,R
1_A_1_2_14_L,,True,1,2,14,L
1_A_1_2_14_R,,True,1,2,14,R
1_A_1_2_15_L,,True,1,2,15,L
1_A_1_2_15_R,,True,1,2,15,R
1_A_1_2_16_L,,True,1,2,16,L
1_A_1_2_16_R,,True,1,2,16,R
1_A_1_2_17_L,,True,1,2,17,L
1_A_1_2_17_R,,True,1,2,17,R
1_A_1_2_18_L,,True,1,2,18,L
1_A_1_2_18_R,,True,1,2,18,R
1_A_1_2_19_L,,True,1,2,19,L
1_A_1_2_19_R,,True,1,2,19,R
1_A_1_2_20_L,,True,1,2,20,L
1_A_1_2_20_R,,True,1,2,20,R
1_A_1_2_21_L,,True,1,2,21,L
1_A_1_2_21_R,,True,1,2,21,R
1_A_1_2_22_L,,True,1,2,22,L
1_A_1_2_22_R,,True,1,2,22,R
1_A_1_2_23_L,,True,1,2,23,L
1_A_1_2_23_R,,True,1,2,23,R
1_A_1_2_24_L,,True,1,2,24,L
1_A_1_2_24_R,,True,1,2,24,R
1_A_1_2_25_L,,True,1,2,25,L
1_A_1_2_25_R,,True,1,2,25,R
1_A_1_2_26_L,,True,1,2,26,L
1_A_1_2_26_R,,True,1,2,26,R
1_A_1_2_27_L,,True,1,2,27,L
1_A_1_2_27_R,,True,1,2,27,R
1_A_1_3_1_L,,True,1,3,1,L
1_A_1_3_1_R,,True,1,3,1,R
1_A_1_3_2_L,,True,1,3,2,L
1_A_1_3_2_R,,True,1,3,2,R
1_A_1_3_3_L,,True,1,3,3,L
1_A_1_3_3_R,,True,1,3,3,R
1_A_1_3_4_L,,True,1,3,4,L
1_A_1_3_4_R,,True,1,3,4,R
1_A_1_3_5_L,,True,1,3,5,L
1_A_1_3_5_R,,True,1,3,5,R
1_A_1_3_6_L,,True,1,3,6,L
1_A_1_3_6_R,,True,1,3,6,R
1_A_1_3_7_L,,True,1,3,7,L
1_A_1_3_7_R,,True,1,3,7,R
1_A_1_3_8_L,,True,1,3,8,L
1_A_1_3_8_R,,True,1,3,8,R
1_A_1_3_9_L,,True,1,3,9,L
1_A_1_3_9_R,,True,1,3,9,R
1_A_1_3_10_L,,True,1,3,10,L
1_A_1_3_10_R,,True,1,3,10,R
1_A_1_3_11_L,,True,1,3,11,L
1_A_1_3_11_R,,True,1,3,11,R
1_A_1_3_12_L,,True,1,3,12,L
1_A_1_3_12_R,,True,1,3,12,R
1_A_1_3_13_L,,True,1,3,13,L
1_A_1_3_13_R,,True,1,3,13,R
1_A_1_3_14_L,,True,1,3,14,L
1_A_1_3_14_R,,True,1,3,14,R
1_A_1_3_15_L,,True,1,3,15,L
1_A_1_3_15_R,,True,1,3,15,R
1_A_1_3_16_L,,True,1,3,16,L
1_A_1_3_16_R,,True,1,3,16,R
1_A_1_3_17_L,,True,1,3,17,L
1_A_1_3_17_R,,True,1,3,17,R
1_A_1_3_18_L,,True,1,3,18,L
1_A_1_3_18_R,,True,1,3,18,R
1_A_1_3_19_L,,True,1,3,19,L
1_A_1_3_19_R,,True,1,3,19,R
1_A_1_3_20_L,,True,1,3,20,L
1_A_1_3_20_R,,True,1,3,20,R
1_A_1_3_21_L,,True,1,3,21,L
1_A_1_3_21_R,,True,1,3,21,R
1_A_1_3_22_L,,True,1,3,22,L
1_A_1_3_22_R,,True,1,3,22,R
1_A_1_3_23_L,,True,1,3,23,L
1_A_1_3_23_R,,True,1,3,23,R
1_A_1_3_24_L,,True,1,3,24,L
1_A_1_3_24_R,,True,1,3,24,R
1_A_1_3_25_L,,True,1,3,25,L
1_A_1_3_25_R,,True,1,3,25,R
1_A_1_3_26_L,,True,1,3,26,L
1_A_1_3_26_R,,True,1,3,26,R
1_A_1_3_27_L,,True,1,3,27,L
1_A_1_3_27_R,,True,1,3,27,R
1_A_1_4_1_L,,True,1,4,1,L
1_A_1_4_1_R,,True,1,4,1,R
1_A_1_4_2_L,,True,1,4,2,L
1_A_1_4_2_R,,True,1,4,2,R
1_A_1_4_3_L,,True,1,4,3,L
1_A_1_4_3_R,,True,1,4,3,R
1_A_1_4_4_L,,True,1,4,4,L
1_A_1_4_4_R,,True,1,4,4,R
1_A_1_4_5_L,,True,1,4,5,L
1_A_1_4_5_R,,True,1,4,5,R
1_A_1_4_6_L,,True,1,4,6,L
1_A_1_4_6_R,,True,1,4,6,R
1_A_1_4_7_L,,True,1,4,7,L
1_A_1_4_7_R,,True,1,4,7,R
1_A_1_4_8_L,,True,1,4,8,L
1_A_1_4_8_R,,True,1,4,8,R
1_A_1_4_9_L,,True,1,4,9,L
1_A_1_4_9_R,,True,1,4,9,R
1_A_1_4_10_L,,True,1,4,10,L
1_A_1_4_10_R,,True,1,4,10,R
1_A_1_4_11_L,,True,1,4,11,L
1_A_1_4_11_R,,True,1,4,11,R
1_A_1_4_12_L,,True,1,4,12,L
1_A_1_4_12_R,,True,1,4,12,R
1_A_1_4_13_L,,True,1,4,13,L
1_A_1_4_13_R,,True,1,4,13,R
1_A_1_4_14_L,,True,1,4,14,L
1_A_1_4_14_R,,True,1,4,14,R
1_A_1_4_15_L,,True,1,4,15,L
1_A_1_4_15_R,,True,1,4,15,R
1_A_1_4_16_L,,True,1,4,16,L
1_A_1_4_16_R,,True,1,4,16,R
1_A_1_4_17_L,,True,1,4,17,L
1_A_1_4_17_R,,True,1,4,17,R
1_A_1_4_18_L,,True,1,4,18,L
1_A_1_4_18_R,,True,1,4,18,R
1_A_1_4_19_L,,True,1,4,19,L
1_A_1_4_19_R,,True,1,4,19,R
1_A_1_4_20_L,,True,1,4,20,L
1_A_1_4_20_R,,True,1,4,20,R
1_A_1_4_21_L,,True,1,4,21,L
1_A_1_4_21_R,,True,1,4,21,R
1_A_1_4_22_L,,True,1,4,22,L
1_A_1_4_22_R,,True,1,4,22,R
1_A_1_4_23_L,,True,1,4,23,L
1_A_1_4_23_R,,True,1,4,23,R
1_A_1_4_24_L,,True,1,4,24,L
1_A_1_4_24_R,,True,1,4,24,R
1_A_1_4_25_L,,True,1,4,25,L
1_A_1_4_25_R,,True,1,4,25,R
1_A_1_4_26_L,,True,1,4,26,L
1_A_1_4_26_R,,True,1,4,26,R
1_A_1_4_27_L,,True,1,4,27,L
1_A_1_4_27_R,,True,1,4,27,R
1_A_2_1_1_L,,True,2,1,1,L
1_A_2_1_1_R,,True,2,1,1,R
1_A_2_1_2_L,,True,2,1,2,L
1_A_2_1_2_R,,True,2,1,2,R
1_A_2_1_3_L,,True,2,1,3,L
1_A_2_1_3_R,,True,2,1,3,R
1_A_2_1_4_L,,True,2,1,4,L
1_A_2_1_4_R,,True,2,1,4,R
1_A_2_1_5_L,,True,2,1,5,L
1_A_2_1_5_R,,True,2,1,5,R
1_A_2_1_6_L,,True,2,1,6,L
1_A_2_1_6_R,,True,2,1,6,R
1_A_2_1_7_L,,True,2,1,7,L
1_A_2_1_7_R,,True,2,1,7,R
1_A_2_1_8_L,,True,2,1,8,L
1_A_2_1_8_R,,True,2,1,8,R
1_A_2_1_9_L,,True,2,1,9,L
1_A_2_1_9_R,,True,2,1,9,R
1_A_2_1_10_L,,True,2,1,10,L
1_A_2_1_10_R,,True,2,1,10,R
1_A_2_1_11_L,,True,2,1,11,L
1_A_2_1_11_R,,True,2,1,11,R
1_A_2_1_12_L,,True,2,1,12,L
1_A_2_1_12_R,,True,2,1,12,R
1_A_2_1_13_L,,True,2,1,13,L
1_A_2_1_13_R,,True,2,1,13,R
1_A_2_1_14_L,,True,2,1,14,L
1_A_2_1_14_R,,True,2,1,14,R
1_A_2_1_15_L,,True,2,1,15,L
1_A_2_1_15_R,,True,2,1,15,R
1_A_2_1_16_L,,True,2,1,16,L
1_A_2_1_16_R,,True,2,1,16,R
1_A_2_1_17_L,,True,2,1,17,L
1_A_2_1_17_R,,True,2,1,17,R
1_A_2_1_18_L,,True,2,1,18,L
1_A_2_1_18_R,,True,2,1,18,R
1_A_2_1_19_L,,True,2,1,19,L
1_A_2_1_19_R,,True,2,1,19,R
1_A_2_1_20_L,,True,2,1,20,L
1_A_2_1_20_R,,True,2,1,20,R
1_A_2_1_21_L,,True,2,1,21,L
1_A_2_1_21_R,,True,2,1,21,R
1_A_2_1_22_L,,True,2,1,22,L
1_A_2_1_22_R,,True,2,1,22,R
1_A_2_1_23_L,,True,2,1,23,L
1_A_2_1_23_R,,True,2,1,23,R
1_A_2_1_24_L,,True,2,1,24,L
1_A_2_1_24_R,,True,2,1,24,R
1_A_2_1_25_L,,True,2,1,25,L
1_A_2_1_25_R,,True,2,1,25,R
1_A_2_1_26_L,,True,2,1,26,L
1_A_2_1_26_R,,True,2,1,26,R
1_A_2_1_27_L,,True,2,1,27,L
1_A_2_1_27_R,,True,2,1,27,R
1_A_2_2_1_L,,True,2,2,1,L
1_A_2_2_1_R,,True,2,2,1,R
1_A_2_2_2_L,,True,2,2,2,L
1_A_2_2_2_R,,True,2,2,2,R
1_A_2_2_3_L,,True,2,2,3,L
1_A_2_2_3_R,,True,2,2,3,R
1_A_2_2_4_L,,True,2,2,4,L
1_A_2_2_4_R,,True,2,2,4,R
1_A_2_2_5_L,,True,2,2,5,L
1_A_2_2_5_R,,True,2,2,5,R
1_A_2_2_6_L,,True,2,2,6,L
1_A_2_2_6_R,,True,2,2,6,R
1_A_2_2_7_L,,True,2,2,7,L
1_A_2_2_7_R,,True,2,2,7,R
1_A_2_2_8_L,,True,2,2,8,L
1_A_2_2_8_R,,True,2,2,8,R
1_A_2_2_9_L,,True,2,2,9,L
1_A_2_2_9_R,,True,2,2,9,R
1_A_2_2_10_L,,True,2,2,10,L
1_A_2_2_10_R,,True,2,2,10,R
1_A_2_2_11_L,,True,2,2,11,L
1_A_2_2_11_R,,True,2,2,11,R
1_A_2_2_12_L,,True,2,2,12,L
1_A_2_2_12_R,,True,2,2,12,R
1_A_2_2_13_L,,True,2,2,13,L
1_A_2_2_13_R,,True,2,2,13,R
1_A_2_2_14_L,,True,2,2,14,L
1_A_2_2_14_R,,True,2,2,14,R
1_A_2_2_15_L,,True,2,2,15,L
1_A_2_2_15_R,,True,2,2,15,R
1_A_2_2_16_L,,True,2,2,16,L
1_A_2_2_16_R,,True,2,2,16,R
1_A_2_2_17_L,,True,2,2,17,L
1_A_2_2_17_R,,True,2,2,17,R
1_A_2_2_18_L,,True,2,2,18,L
1_A_2_2_18_R,,True,2,2,18,R
1_A_2_2_19_L,,True,2,2,19,L
1_A_2_2_19_R,,True,2,2,19,R
1_A_2_2_20_L,,True,2,2,20,L
1_A_2_2_20_R,,True,2,2,20,R
1_A_2_2_21_L,,True,2,2,21,L
1_A_2_2_21_R,,True,2,2,21,R
1_A_2_2_22_L,,True,2,2,22,L
1_A_2_2_22_R,,True,2,2,22,R
1_A_2_2_23_L,,True,2,2,23,L
1_A_2_2_23_R,,True,2,2,23,R
1_A_2_2_24_L,,True,2,2,24,L
1_A_2_2_24_R,,True,2,2,24,R
1_A_2_2_25_L,,True,2,2,25,L
1_A_2_2_25_R,,True,2,2,25,R
1_A_2_2_26_L,,True,2,2,26,L
1_A_2_2_26_R,,True,2,2,26,R
1_A_2_2_27_L,,True,2,2,27,L
1_A_2_2_27_R,,True,2,2,27,R
1_A_2_3_1_L,,True,2,3,1,L
1_A_2_3_1_R,,True,2,3,1,R
1_A_2_3_2_L,,True,2,3,2,L
1_A_2_3_2_R,,True,2,3,2,R
1_A_2_3_3_L,,True,2,3,3,L
1_A_2_3_3_R,,True,2,3,3,R
1_A_2_3_4_L,,True,2,3,4,L
1_A_2_3_4_R,,True,2,3,4,R
1_A_2_3_5_L,,True,2,3,5,L
1_A_2_3_5_R,,True,2,3,5,R
1_A_2_3_6_L,,True,2,3,6,L
1_A_2_3_6_R,,True,2,3,6,R
1_A_2_3_7_L,,True,2,3,7,L
1_A_2_3_7_R,,True,2,3,7,R
1_A_2_3_8_L,,True,2,3,8,L
1_A_2_3_8_R,,True,2,3,8,R
1_A_2_3_9_L,,True,2,3,9,L
1_A_2_3_9_R,,True,2,3,9,R
1_A_2_3_10_L,,True,2,3,10,L
1_A_2_3_10_R,,True,2,3,10,R
1_A_2_3_11_L,,True,2,3,11,L
1_A_2_3_11_R,,True,2,3,11,R
1_A_2_3_12_L,,True,2,3,12,L
1_A_2_3_12_R,,True,2,3,12,R
1_A_2_3_13_L,,True,2,3,13,L
1_A_2_3_13_R,,True,2,3,13,R
1_A_2_3_14_L,,True,2,3,14,L
1_A_2_3_14_R,,True,2,3,14,R
1_A_2_3_15_L,,True,2,3,15,L
1_A_2_3_15_R,,True,2,3,15,R
1_A_2_3_16_L,,True,2,3,16,L
1_A_2_3_16_R,,True,2,3,16,R
1_A_2_3_17_L,,True,2,3,17,L
1_A_2_3_17_R,,True,2,3,17,R
1_A_2_3_18_L,,True,2,3,18,L
1_A_2_3_18_R,,True,2,3,18,R
1_A_2_3_19_L,,True,2,3,19,L
1_A_2_3_19_R,,True,2,3,19,R
1_A_2_3_20_L,,True,2,3,20,L
1_A_2_3_20_R,,True,2,3,20,R
1_A_2_3_21_L,,True,2,3,21,L
1_A_2_3_21_R,,True,2,3,21,R
1_A_2_3_22_L,,True,2,3,22,L
1_A_2_3_22_R,,True,2,3,22,R
1_A_2_3_23_L,,True,2,3,23,L
1_A_2_3_23_R,,True,2,3,23,R
1_A_2_3_24_L,,True,2,3,24,L
1_A_2_3_24_R,,True,2,3,24,R
1_A_2_3_25_L,,True,2,3,25,L
1_A_2_3_25_R,,True,2,3,25,R
1_A_2_3_26_L,,True,2,3,26,L
1_A_2_3_26_R,,True,2,3,26,R
1_A_2_3_27_L,,True,2,3,27,L
1_A_2_3_27_R,,True,2,3,27,R
1_A_2_4_1_L,,True,2,4,1,L
1_A_2_4_1_R,,True,2,4,1,R
1_A_2_4_2_L,,True,2,4,2,L
1_A_2_4_2_R,,True,2,4,2,R
1_A_2_4_3_L,,True,2,4,3,L
1_A_2_4_3_R,,True,2,4,3,R
1_A_2_4_4_L,,True,2,4,4,L
1_A_2_4_4_R,,True,2,4,4,R
1_A_2_4_5_L,,True,2,4,5,L
1_A_2_4_5_R,,True,2,4,5,R
1_A_2_4_6_L,,True,2,4,6,L
1_A_2_4_6_R,,True,2,4,6,R
1_A_2_4_7_L,,True,2,4,7,L
1_A_2_4_7_R,,True,2,4,7,R
1_A_2_4_8_L,,True,2,4,8,L
1_A_2_4_8_R,,True,2,4,8,R
1_A_2_4_9_L,,True,2,4,9,L
1_A_2_4_9_R,,True,2,4,9,R
1_A_2_4_10_L,,True,2,4,10,L
1_A_2_4_10_R,,True,2,4,10,R
1_A_2_4_11_L,,True,2,4,11,L
1_A_2_4_11_R,,True,2,4,11,R
1_A_2_4_12_L,,True,2,4,12,L
1_A_2_4_12_R,,True,2,4,12,R
1_A_2_4_13_L,,True,2,4,13,L
1_A_2_4_13_R,,True,2,4,13,R
1_A_2_4_14_L,,True,2,4,14,L
1_A_2_4_14_R,,True,2,4,14,R
1_A_2_4_15_L,,True,2,4,15,L
1_A_2_4_15_R,,True,2,4,15,R
1_A_2_4_16_L,,True,2,4,16,L
1_A_2_4_16_R,,True,2,4,16,R
1_A_2_4_17_L,,True,2,4,17,L
1_A_2_4_17_R,,True,2,4,17,R
1_A_2_4_18_L,,True,2,4,18,L
1_A_2_4_18_R,,True,2,4,18,R
1_A_2_4_19_L,,True,2,4,19,L
1_A_2_4_19_R,,True,2,4,19,R
1_A_2_4_20_L,,True,2,4,20,L
1_A_2_4_20_R,,True,2,4,20,R
1_A_2_4_21_L,,True,2,4,21,L
1_A_2_4_21_R,,True,2,4,21,R
1_A_2_4_22_L,,True,2,4,22,L
1_A_2_4_22_R,,True,2,4,22,R
1_A_2_4_23_L,,True,2,4,23,L
1_A_2_4_23_R,,True,2,4,23,R
1_A_2_4_24_L,,True,2,4,24,L
1_A_2_4_24_R,,True,2,4,24,R
1_A_2_4_25_L,,True,2,4,25,L
1_A_2_4_25_R,,True,2,4,25,R
1_A_2_4_26_L,,True,2,4,26,L
1_A_2_4_26_R,,True,2,4,26,R
1_A_2_4_27_L,,True,2,4,27,L
1_A_2_4_27_R,,True,2,4,27,R
1_A_3_1_1_L,,True,3,1,1,L
1_A_3_1_1_R,,True,3,1,1,R
1_A_3_1_2_L,,True,3,1,2,L
1_A_3_1_2_R,,True,3,1,2,R
1_A_3_1_3_L,,True,3,1,3,L
1_A_3_1_3_R,,True,3,1,3,R
1_A_3_1_4_L,,True,3,1,4,L
1_A_3_1_4_R,,True,3,1,4,R
1_A_3_1_5_L,,True,3,1,5,L
1_A_3_1_5_R,,True,3,1,5,R
1_A_3_1_6_L,,True,3,1,6,L
1_A_3_1_6_R,,True,3,1,6,R
1_A_3_1_7_L,,True,3,1,7,L
1_A_3_1_7_R,,True,3,1,7,R
1_A_3_1_8_L,,True,3,1,8,L
1_A_3_1_8_R,,True,3,1,8,R
1_A_3_1_9_L,,True,3,1,9,L
1_A_3_1_9_R,,True,3,1,9,R
1_A_3_1_10_L,,True,3,1,10,L
1_A_3_1_10_R,,True,3,1,10,R
1_A_3_1_11_L,,True,3,1,11,L
1_A_3_1_11_R,,True,3,1,11,R
1_A_3_1_12_L,,True,3,1,12,L
1_A_3_1_12_R,,True,3,1,12,R
1_A_3_1_13_L,,True,3,1,13,L
1_A_3_1_13_R,,True,3,1,13,R
1_A_3_1_14_L,,True,3,1,14,L
1_A_3_1_14_R,,True,3,1,14,R
1_A_3_1_15_L,,True,3,1,15,L
1_A_3_1_15_R,,True,3,1,15,R
1_A_3_1_16_L,,True,3,1,16,L
1_A_3_1_16_R,,True,3,1,16,R
1_A_3_1_17_L,,True,3,1,17,L
1_A_3_1_17_R,,True,3,1,17,R
1_A_3_1_18_L,,True,3,1,18,L
1_A_3_1_18_R,,True,3,1,18,R
1_A_3_1_19_L,,True,3,1,19,L
1_A_3_1_19_R,,True,3,1,19,R
1_A_3_1_20_L,,True,3,1,20,L
1_A_3_1_20_R,,True,3,1,20,R
1_A_3_1_21_L,,True,3,1,21,L
1_A_3_1_21_R,,True,3,1,21,R
1_A_3_1_22_L,,True,3,1,22,L
1_A_3_1_22_R,,True,3,1,22,R
1_A_3_1_23_L,,True,3,1,23,L
1_A_3_1_23_R,,True,3,1,23,R
1_A_3_1_24_L,,True,3,1,24,L
1_A_3_1_24_R,,True,3,1,24,R
1_A_3_1_25_L,,True,3,1,25,L
1_A_3_1_25_R,,True,3,1,25,R
1_A_3_1_26_L,,True,3,1,26,L
1_A_3_1_26_R,,True,3,1,26,R
1_A_3_1_27_L,,True,3,1,27,L
1_A_3_1_27_R,,True,3,1,27,R
1_A_3_2_1_L,,True,3,2,1,L
1_A_3_2_1_R,,True,3,2,1,R
1_A_3_2_2_L,,True,3,2,2,L
1_A_3_2_2_R,,True,3,2,2,R
1_A_3_2_3_L,,True,3,2,3,L
1_A_3_2_3_R,,True,3,2,3,R
1_A_3_2_4_L,,True,3,2,4,L
1_A_3_2_4_R,,True,3,2,4,R
1_A_3_2_5_L,,True,3,2,5,L
1_A_3_2_5_R,,True,3,2,5,R
1_A_3_2_6_L,,True,3,2,6,L
1_A_3_2_6_R,,True,3,2,6,R
1_A_3_2_7_L,,True,3,2,7,L
1_A_3_2_7_R,,True,3,2,7,R
1_A_3_2_8_L,,True,3,2,8,L
1_A_3_2_8_R,,True,3,2,8,R
1_A_3_2_9_L,,True,3,2,9,L
1_A_3_2_9_R,,True,3,2,9,R
1_A_3_2_10_L,,True,3,2,10,L
1_A_3_2_10_R,,True,3,2,10,R
1_A_3_2_11_L,,True,3,2,11,L
1_A_3_2_11_R,,True,3,2,11,R
1_A_3_2_12_L,,True,3,2,12,L
1_A_3_2_12_R,,True,3,2,12,R
1_A_3_2_13_L,,True,3,2,13,L
1_A_3_2_13_R,,True,3,2,13,R
1_A_3_2_14_L,,True,3,2,14,L
1_A_3_2_14_R,,True,3,2,14,R
1_A_3_2_15_L,,True,3,2,15,L
1_A_3_2_15_R,,True,3,2,15,R
1_A_3_2_16_L,,True,3,2,16,L
1_A_3_2_16_R,,True,3,2,16,R
1_A_3_2_17_L,,True,3,2,17,L
1_A_3_2_17_R,,True,3,2,17,R
1_A_3_2_18_L,,True,3,2,18,L
1_A_3_2_18_R,,True,3,2,18,R
1_A_3_2_19_L,,True,3,2,19,L
1_A_3_2_19_R,,True,3,2,19,R
1_A_3_2_20_L,,True,3,2,20,L
1_A_3_2_20_R,,True,3,2,20,R
1_A_3_2_21_L,,True,3,2,21,L
1_A_3_2_21_R,,True,3,2,21,R
1_A_3_2_22_L,,True,3,2,22,L
1_A_3_2_22_R,,True,3,2,22,R
1_A_3_2_23_L,,True,3,2,23,L
1_A_3_2_23_R,,True,3,2,23,R
1_A_3_2_24_L,,True,3,2,24,L
1_A_3_2_24_R,,True,3,2,24,R
1_A_3_2_25_L,,True,3,2,25,L
1_A_3_2_25_R,,True,3,2,25,R
1_A_3_2_26_L,,True,3,2,26,L
1_A_3_2_26_R,,True,3,2,26,R
1_A_3_2_27_L,,True,3,2,27,L
1_A_3_2_27_R,,True,3,2,27,R
1_A_3_3_1_L,,True,3,3,1,L
1_A_3_3_1_R,,True,3,3,1,R
1_A_3_3_2_L,,True,3,3,2,L
1_A_3_3_2_R,,True,3,3,2,R
1_A_3_3_3_L,,True,3,3,3,L
1_A_3_3_3_R,,True,3,3,3,R
1_A_3_3_4_L,,True,3,3,4,L
1_A_3_3_4_R,,True,3,3,4,R
1_A_3_3_5_L,,True,3,3,5,L
1_A_3_3_5_R,,True,3,3,5,R
1_A_3_3_6_L,,True,3,3,6,L
1_A_3_3_6_R,,True,3,3,6,R
1_A_3_3_7_L,,True,3,3,7,L
1_A_3_3_7_R,,True,3,3,7,R
1_A_3_3_8_L,,True,3,3,8,L
1_A_3_3_8_R,,True,3,3,8,R
1_A_3_3_9_L,,True,3,3,9,L
1_A_3_3_9_R,,True,3,3,9,R
1_A_3_3_10_L,,True,3,3,10,L
1_A_3_3_10_R,,True,3,3,10,R
1_A_3_3_11_L,,True,3,3,11,L
1_A_3_3_11_R,,True,3,3,11,R
1_A_3_3_12_L,,True,3,3,12,L
1_A_3_3_12_R,,True,3,3,12,R
1_A_3_3_13_L,,True,3,3,13,L
1_A_3_3_13_R,,True,3,3,13,R
1_A_3_3_14_L,,True,3,3,14,L
1_A_3_3_14_R,,True,3,3,14,R
1_A_3_3_15_L,,True,3,3,15,L
1_A_3_3_15_R,,True,3,3,15,R
1_A_3_3_16_L,,True,3,3,16,L
1_A_3_3_16_R,,True,3,3,16,R
1_A_3_3_17_L,,True,3,3,17,L
1_A_3_3_17_R,,True,3,3,17,R
1_A_3_3_18_L,,True,3,3,18,L
1_A_3_3_18_R,,True,3,3,18,R
1_A_3_3_19_L,,True,3,3,19,L
1_A_3_3_19_R,,True,3,3,19,R
1_A_3_3_20_L,,True,3,3,20,L
1_A_3_3_20_R,,True,3,3,20,R
1_A_3_3_21_L,,True,3,3,21,L
1_A_3_3_21_R,,True,3,3,21,R
1_A_3_3_22_L,,True,3,3,22,L
1_A_3_3_22_R,,True,3,3,22,R
1_A_3_3_23_L,,True,3,3,23,L
1_A_3_3_23_R,,True,3,3,23,R
1_A_3_3_24_L,,True,3,3,24,L
1_A_3_3_24_R,,True,3,3,24,R
1_A_3_3_25_L,,True,3,3,25,L
1_A_3_3_25_R,,True,3,3,25,R
1_A_3_3_26_L,,True,3,3,26,L
1_A_3_3_26_R,,True,3,3,26,R
1_A_3_3_27_L,,True,3,3,27,L
1_A_3_3_27_R,,True,3,3,27,R
1_A_3_4_1_L,,True,3,4,1,L
1_A_3_4_1_R,,True,3,4,1,R
1_A_3_4_2_L,,True,3,4,2,L
1_A_3_4_2_R,,True,3,4,2,R
1_A_3_4_3_L,,True,3,4,3,L
1_A_3_4_3_R,,True,3,4,3,R
1_A_3_4_4_L,,True,3,4,4,L
1_A_3_4_4_R,,True,3,4,4,R
1_A_3_4_5_L,,True,3,4,5,L
1_A_3_4_5_R,,True,3,4,5,R
1_A_3_4_6_L,,True,3,4,6,L
1_A_3_4_6_R,,True,3,4,6,R
1_A_3_4_7_L,,True,3,4,7,L
1_A_3_4_7_R,,True,3,4,7,R
1_A_3_4_8_L,,True,3,4,8,L
1_A_3_4_8_R,,True,3,4,8,R
1_A_3_4_9_L,,True,3,4,9,L
1_A_3_4_9_R,,True,3,4,9,R
1_A_3_4_10_L,,True,3,4,10,L
1_A_3_4_10_R,,True,3,4,10,R
1_A_3_4_11_L,,True,3,4,11,L
1_A_3_4_11_R,,True,3,4,11,R
1_A_3_4_12_L,,True,3,4,12,L
1_A_3_4_12_R,,True,3,4,12,R
1_A_3_4_13_L,,True,3,4,13,L
1_A_3_4_13_R,,True,3,4,13,R
1_A_3_4_14_L,,True,3,4,14,L
1_A_3_4_14_R,,True,3,4,14,R
1_A_3_4_15_L,,True,3,4,15,L
1_A_3_4_15_R,,True,3,4,15,R
1_A_3_4_16_L,,True,3,4,16,L
1_A_3_4_16_R,,True,3,4,16,R
1_A_3_4_17_L,,True,3,4,17,L
1_A_3_4_17_R,,True,3,4,17,R
1_A_3_4_18_L,,True,3,4,18,L
1_A_3_4_18_R,,True,3,4,18,R
1_A_3_4_19_L,,True,3,4,19,L
1_A_3_4_19_R,,True,3,4,19,R
1_A_3_4_20_L,,True,3,4,20,L
1_A_3_4_20_R,,True,3,4,20,R
1_A_3_4_21_L,,True,3,4,21,L
1_A_3_4_21_R,,True,3,4,21,R
1_A_3_4_22_L,,True,3,4,22,L
1_A_3_4_22_R,,True,3,4,22,R
1_A_3_4_23_L,,True,3,4,23,L
1_A_3_4_23_R,,True,3,4,23,R
1_A_3_4_24_L,,True,3,4,24,L
1_A_3_4_24_R,,True,3,4,24,R
1_A_3_4_25_L,,True,3,4,25,L
1_A_3_4_25_R,,True,3,4,25,R
1_A_3_4_26_L,,True,3,4,26,L
1_A_3_4_26_R,,True,3,4,26,R
1_A_3_4_27_L,,True,3,4,27,L
1_A_3_4_27_R,,True,3,4,27,R
1_A_4_1_1_L,,True,4,1,1,L
1_A_4_1_1_R,,True,4,1,1,R
1_A_4_1_2_L,,True,4,1,2,L
1_A_4_1_2_R,,True,4,1,2,R
1_A_4_1_3_L,,True,4,1,3,L
1_A_4_1_3_R,,True,4,1,3,R
1_A_4_1_4_L,,True,4,1,4,L
1_A_4_1_4_R,,True,4,1,4,R
1_A_4_1_5_L,,True,4,1,5,L
1_A_4_1_5_R,,True,4,1,5,R
1_A_4_1_6_L,,True,4,1,6,L
1_A_4_1_6_R,,True,4,1,6,R
1_A_4_1_7_L,,True,4,1,7,L
1_A_4_1_7_R,,True,4,1,7,R
1_A_4_1_8_L,,True,4,1,8,L
1_A_4_1_8_R,,True,4,1,8,R
1_A_4_1_9_L,,True,4,1,9,L
1_A_4_1_9_R,,True,4,1,9,R
1_A_4_1_10_L,,True,4,1,10,L
1_A_4_1_10_R,,True,4,1,10,R
1_A_4_1_11_L,,True,4,1,11,L
1_A_4_1_11_R,,True,4,1,11,R
1_A_4_1_12_L,,True,4,1,12,L
1_A_4_1_12_R,,True,4,1,12,R
1_A_4_1_13_L,,True,4,1,13,L
1_A_4_1_13_R,,True,4,1,13,R
1_A_4_1_14_L,,True,4,1,14,L
1_A_4_1_14_R,,True,4,1,14,R
1_A_4_1_15_L,,True,4,1,15,L
1_A_4_1_15_R,,True,4,1,15,R
1_A_4_1_16_L,,True,4,1,16,L
1_A_4_1_16_R,,True,4,1,16,R
1_A_4_1_17_L,,True,4,1,17,L
1_A_4_1_17_R,,True,4,1,17,R
1_A_4_1_18_L,,True,4,1,18,L
1_A_4_1_18_R,,True,4,1,18,R
1_A_4_1_19_L,,True,4,1,19,L
1_A_4_1_19_R,,True,4,1,19,R
1_A_4_1_20_L,,True,4,1,20,L
1_A_4_1_20_R,,True,4,1,20,R
1_A_4_1_21_L,,True,4,1,21,L
1_A_4_1_21_R,,True,4,1,21,R
1_A_4_1_22_L,,True,4,1,22,L
1_A_4_1_22_R,,True,4,1,22,R
1_A_4_1_23_L,,True,4,1,23,L
1_A_4_1_23_R,,True,4,1,23,R
1_A_4_1_24_L,,True,4,1,24,L
1_A_4_1_24_R,,True,4,1,24,R
1_A_4_1_25_L,,True,4,1,25,L
1_A_4_1_25_R,,True,4,1,25,R
1_A_4_1_26_L,,True,4,1,26,L
1_A_4_1_26_R,,True,4,1,26,R
1_A_4_1_27_L,,True,4,1,27,L
1_A_4_1_27_R,,True,4,1,27,R
1_A_4_2_1_L,,True,4,2,1,L
1_A_4_2_1_R,,True,4,2,1,R
1_A_4_2_2_L,,True,4,2,2,L
1_A_4_2_2_R,,True,4,2,2,R
1_A_4_2_3_L,,True,4,2,3,L
1_A_4_2_3_R,,True,4,2,3,R
1_A_4_2_4_L,,True,4,2,4,L
1_A_4_2_4_R,,True,4,2,4,R
1_A_4_2_5_L,,True,4,2,5,L
1_A_4_2_5_R,,True,4,2,5,R
1_A_4_2_6_L,,True,4,2,6,L
1_A_4_2_6_R,,True,4,2,6,R
1_A_4_2_7_L,,True,4,2,7,L
1_A_4_2_7_R,,True,4,2,7,R
1_A_4_2_8_L,,True,4,2,8,L
1_A_4_2_8_R,,True,4,2,8,R
1_A_4_2_9_L,,True,4,2,9,L
1_A_4_2_9_R,,True,4,2,9,R
1_A_4_2_10_L,,True,4,2,10,L
1_A_4_2_10_R,,True,4,2,10,R
1_A_4_2_11_L,,True,4,2,11,L
1_A_4_2_11_R,,True,4,2,11,R
1_A_4_2_12_L,,True,4,2,12,L
1_A_4_2_12_R,,True,4,2,12,R
1_A_4_2_13_L,,True,4,2,13,L
1_A_4_2_13_R,,True,4,2,13,R
1_A_4_2_14_L,,True,4,2,14,L
1_A_4_2_14_R,,True,4,2,14,R
1_A_4_2_15_L,,True,4,2,15,L
1_A_4_2_15_R,,True,4,2,15,R
1_A_4_2_16_L,,True,4,2,16,L
1_A_4_2_16_R,,True,4,2,16,R
1_A_4_2_17_L,,True,4,2,17,L
1_A_4_2_17_R,,True,4,2,17,R
1_A_4_2_18_L,,True,4,2,18,L
1_A_4_2_18_R,,True,4,2,18,R
1_A_4_2_19_L,,True,4,2,19,L
1_A_4_2_19_R,,True,4,2,19,R
1_A_4_2_20_L,,True,4,2,20,L
1_A_4_2_20_R,,True,4,2,20,R
1_A_4_2_21_L,,True,4,2,21,L
1_A_4_2_21_R,,True,4,2,21,R
1_A_4_2_22_L,,True,4,2,22,L
1_A_4_2_22_R,,True,4,2,22,R
1_A_4_2_23_L,,True,4,2,23,L
1_A_4_2_23_R,,True,4,2,23,R
1_A_4_2_24_L,,True,4,2,24,L
1_A_4_2_24_R,,True,4,2,24,R
1_A_4_2_25_L,,True,4,2,25,L
1_A_4_2_25_R,,True,4,2,25,R
1_A_4_2_26_L,,True,4,2,26,L
1_A_4_2_26_R,,True,4,2,26,R
1_A_4_2_27_L,,True,4,2,27,L
1_A_4_2_27_R,,True,4,2,27,R
1_A_4_3_1_L,,True,4,3,1,L
1_A_4_3_1_R,,True,4,3,1,R
1_A_4_3_2_L,,True,4,3,2,L
1_A_4_3_2_R,,True,4,3,2,R
1_A_4_3_3_L,,True,4,3,3,L
1_A_4_3_3_R,,True,4,3,3,R
1_A_4_3_4_L,,True,4,3,4,L
1_A_4_3_4_R,,True,4,3,4,R
1_A_4_3_5_L,,True,4,3,5,L
1_A_4_3_5_R,,True,4,3,5,R
1_A_4_3_6_L,,True,4,3,6,L
1_A_4_3_6_R,,True,4,3,6,R
1_A_4_3_7_L,,True,4,3,7,L
1_A_4_3_7_R,,True,4,3,7,R
1_A_4_3_8_L,,True,4,3,8,L
1_A_4_3_8_R,,True,4,3,8,R
1_A_4_3_9_L,,True,4,3,9,L
1_A_4_3_9_R,,True,4,3,9,R
1_A_4_3_10_L,,True,4,3,10,L
1_A_4_3_10_R,,True,4,3,10,R
1_A_4_3_11_L,,True,4,3,11,L
1_A_4_3_11_R,,True,4,3,11,R
1_A_4_3_12_L,,True,4,3,12,L
1_A_4_3_12_R,,True,4,3,12,R
1_A_4_3_13_L,,True,4,3,13,L
1_A_4_3_13_R,,True,4,3,13,R
1_A_4_3_14_L,,True,4,3,14,L
1_A_4_3_14_R,,True,4,3,14,R
1_A_4_3_15_L,,True,4,3,15,L
1_A_4_3_15_R,,True,4,3,15,R
1_A_4_3_16_L,,True,4,3,16,L
1_A_4_3_16_R,,True,4,3,16,R
1_A_4_3_17_L,,True,4,3,17,L
1_A_4_3_17_R,,True,4,3,17,R
1_A_4_3_18_L,,True,4,3,18,L
1_A_4_3_18_R,,True,4,3,18,R
1_A_4_3_19_L,,True,4,3,19,L
1_A_4_3_19_R,,True,4,3,19,R
1_A_4_3_20_L,,True,4,3,20,L
1_A_4_3_20_R,,True,4,3,20,R
1_A_4_3_21_L,,True,4,3,21,L
1_A_4_3_21_R,,True,4,3,21,R
1_A_4_3_22_L,,True,4,3,22,L
1_A_4_3_22_R,,True,4,3,22,R
1_A_4_3_23_L,,True,4,3,23,L
1_A_4_3_23_R,,True,4,3,23,R
1_A_4_3_24_L,,True,4,3,24,L
1_A_4_3_24_R,,True,4,3,24,R
1_A_4_3_25_L,,True,4,3,25,L
1_A_4_3_25_R,,True,4,3,25,R
1_A_4_3_26_L,,True,4,3,26,L
1_A_4_3_26_R,,True,4,3,26,R
1_A_4_3_27_L,,True,4,3,27,L
1_A_4_3_27_R,,True,4,3,27,R
1_A_4_4_1_L,,True,4,4,1,L
1_A_4_4_1_R,,True,4,4,1,R
1_A_4_4_2_L,,True,4,4,2,L
1_A_4_4_2_R,,True,4,4,2,R
1_A_4_4_3_L,,True,4,4,3,L
1_A_4_4_3_R,,True,4,4,3,R
1_A_4_4_4_L,,True,4,4,4,L
1_A_4_4_4_R,,True,4,4,4,R
1_A_4_4_5_L,,True,4,4,5,L
1_A_4_4_5_R,,True,4,4,5,R
1_A_4_4_6_L,,True,4,4,6,L
1_A_4_4_6_R,,True,4,4,6,R
1_A_4_4_7_L,,True,4,4,7,L
1_A_4_4_7_R,,True,4,4,7,R
1_A_4_4_8_L,,True,4,4,8,L
1_A_4_4_8_R,,True,4,4,8,R
1_A_4_4_9_L,,True,4,4,9,L
1_A_4_4_9_R,,True,4,4,9,R
1_A_4_4_10_L,,True,4,4,10,L
1_A_4_4_10_R,,True,4,4,10,R
1_A_4_4_11_L,,True,4,4,11,L
1_A_4_4_11_R,,True,4,4,11,R
1_A_4_4_12_L,,True,4,4,12,L
1_A_4_4_12_R,,True,4,4,12,R
1_A_4_4_13_L,,True,4,4,13,L
1_A_4_4_13_R,,True,4,4,13,R
1_A_4_4_14_L,,True,4,4,14,L
1_A_4_4_14_R,,True,4,4,14,R
1_A_4_4_15_L,,True,4,4,15,L
1_A_4_4_15_R,,True,4,4,15,R
1_A_4_4_16_L,,True,4,4,16,L
1_A_4_4_16_R,,True,4,4,16,R
1_A_4_4_17_L,,True,4,4,17,L
1_A_4_4_17_R,,True,4,4,17,R
1_A_4_4_18_L,,True,4,4,18,L
1_A_4_4_18_R,,True,4,4,18,R
1_A_4_4_19_L,,True,4,4,19,L
1_A_4_4_19_R,,True,4,4,19,R
1_A_4_4_20_L,,True,4,4,20,L
1_A_4_4_20_R,,True,4,4,20,R
1_A_4_4_21_L,,True,4,4,21,L
1_A_4_4_21_R,,True,4,4,21,R
1_A_4_4_22_L,,True,4,4,22,L
1_A_4_4_22_R,,True,4,4,22,R
1_A_4_4_23_L,,True,4,4,23,L
1_A_4_4_23_R,,True,4,4,23,R
1_A_4_4_24_L,,True,4,4,24,L
1_A_4_4_24_R,,True,4,4,24,R
1_A_4_4_25_L,,True,4,4,25,L
1_A_4_4_25_R,,True,4,4,25,R
1_A_4_4_26_L,,True,4,4,26,L
1_A_4_4_26_R,,True,4,4,26,R
1_A_4_4_27_L,,True,4,4,27,L
1_A_4_4_27_R,,True,4,4,27,R
1_A_5_1_1_L,,True,5,1,1,L
1_A_5_1_1_R,,True,5,1,1,R
1_A_5_1_2_L,,True,5,1,2,L
1_A_5_1_2_R,,True,5,1,2,R
1_A_5_1_3_L,,True,5,1,3,L
1_A_5_1_3_R,,True,5,1,3,R
1_A_5_1_4_L,,True,5,1,4,L
1_A_5_1_4_R,,True,5,1,4,R
1_A_5_1_5_L,,True,5,1,5,L
1_A_5_1_5_R,,True,5,1,5,R
1_A_5_1_6_L,,True,5,1,6,L
1_A_5_1_6_R,,True,5,1,6,R
1_A_5_1_7_L,,True,5,1,7,L
1_A_5_1_7_R,,True,5,1,7,R
1_A_5_1_8_L,,True,5,1,8,L
1_A_5_1_8_R,,True,5,1,8,R
1_A_5_1_9_L,,True,5,1,9,L
1_A_5_1_9_R,,True,5,1,9,R
1_A_5_1_10_L,,True,5,1,10,L
1_A_5_1_10_R,,True,5,1,10,R
1_A_5_1_11_L,,True,5,1,11,L
1_A_5_1_11_R,,True,5,1,11,R
1_A_5_1_12_L,,True,5,1,12,L
1_A_5_1_12_R,,True,5,1,12,R
1_A_5_1_13_L,,True,5,1,13,L
1_A_5_1_13_R,,True,5,1,13,R
1_A_5_1_14_L,,True,5,1,14,L
1_A_5_1_14_R,,True,5,1,14,R
1_A_5_1_15_L,,True,5,1,15,L
1_A_5_1_15_R,,True,5,1,15,R
1_A_5_1_16_L,,True,5,1,16,L
1_A_5_1_16_R,,True,5,1,16,R
1_A_5_1_17_L,,True,5,1,17,L
1_A_5_1_17_R,,True,5,1,17,R
1_A_5_1_18_L,,True,5,1,18,L
1_A_5_1_18_R,,True,5,1,18,R
1_A_5_1_19_L,,True,5,1,19,L
1_A_5_1_19_R,,True,5,1,19,R
1_A_5_1_20_L,,True,5,1,20,L
1_A_5_1_20_R,,True,5,1,20,R
1_A_5_1_21_L,,True,5,1,21,L
1_A_5_1_21_R,,True,5,1,21,R
1_A_5_1_22_L,,True,5,1,22,L
1_A_5_1_22_R,,True,5,1,22,R
1_A_5_1_23_L,,True,5,1,23,L
1_A_5_1_23_R,,True,5,1,23,R
1_A_5_1_24_L,,True,5,1,24,L
1_A_5_1_24_R,,True,5,1,24,R
1_A_5_1_25_L,,True,5,1,25,L
1_A_5_1_25_R,,True,5,1,25,R
1_A_5_1_26_L,,True,5,1,26,L
1_A_5_1_26_R,,True,5,1,26,R
1_A_5_1_27_L,,True,5,1,27,L
1_A_5_1_27_R,,True,5,1,27,R
1_A_5_2_1_L,,True,5,2,1,L
1_A_5_2_1_R,,True,5,2,1,R
1_A_5_2_2_L,,True,5,2,2,L
1_A_5_2_2_R,,True,5,2,2,R
1_A_5_2_3_L,,True,5,2,3,L
1_A_5_2_3_R,,True,5,2,3,R
1_A_5_2_4_L,,True,5,2,4,L
1_A_5_2_4_R,,True,5,2,4,R
1_A_5_2_5_L,,True,5,2,5,L
1_A_5_2_5_R,,True,5,2,5,R
1_A_5_2_6_L,,True,5,2,6,L
1_A_5_2_6_R,,True,5,2,6,R
1_A_5_2_7_L,,True,5,2,7,L
1_A_5_2_7_R,,True,5,2,7,R
1_A_5_2_8_L,,True,5,2,8,L
1_A_5_2_8_R,,True,5,2,8,R
1_A_5_2_9_L,,True,5,2,9,L
1_A_5_2_9_R,,True,5,2,9,R
1_A_5_2_10_L,,True,5,2,10,L
1_A_5_2_10_R,,True,5,2,10,R
1_A_5_2_11_L,,True,5,2,11,L
1_A_5_2_11_R,,True,5,2,11,R
1_A_5_2_12_L,,True,5,2,12,L
1_A_5_2_12_R,,True,5,2,12,R
1_A_5_2_13_L,,True,5,2,13,L
1_A_5_2_13_R,,True,5,2,13,R
1_A_5_2_14_L,,True,5,2,14,L
1_A_5_2_14_R,,True,5,2,14,R
1_A_5_2_15_L,,True,5,2,15,L
1_A_5_2_15_R,,True,5,2,15,R
1_A_5_2_16_L,,True,5,2,16,L
1_A_5_2_16_R,,True,5,2,16,R
1_A_5_2_17_L,,True,5,2,17,L
1_A_5_2_17_R,,True,5,2,17,R
1_A_5_2_18_L,,True,5,2,18,L
1_A_5_2_18_R,,True,5,2,18,R
1_A_5_2_19_L,,True,5,2,19,L
1_A_5_2_19_R,,True,5,2,19,R
1_A_5_2_20_L,,True,5,2,20,L
1_A_5_2_20_R,,True,5,2,20,R
1_A_5_2_21_L,,True,5,2,21,L
1_A_5_2_21_R,,True,5,2,21,R
1_A_5_2_22_L,,True,5,2,22,L
1_A_5_2_22_R,,True,5,2,22,R
1_A_5_2_23_L,,True,5,2,23,L
1_A_5_2_23_R,,True,5,2,23,R
1_A_5_2_24_L,,True,5,2,24,L
1_A_5_2_24_R,,True,5,2,24,R
1_A_5_2_25_L,,True,5,2,25,L
1_A_5_2_25_R,,True,5,2,25,R
1_A_5_2_26_L,,True,5,2,26,L
1_A_5_2_26_R,,True,5,2,26,R
1_A_5_2_27_L,,True,5,2,27,L
1_A_5_2_27_R,,True,5,2,27,R
1_A_5_3_1_L,,True,5,3,1,L
1_A_5_3_1_R,,True,5,3,1,R
1_A_5_3_2_L,,True,5,3,2,L
1_A_5_3_2_R,,True,5,3,2,R
1_A_5_3_3_L,,True,5,3,3,L
1_A_5_3_3_R,,True,5,3,3,R
1_A_5_3_4_L,,True,5,3,4,L
1_A_5_3_4_R,,True,5,3,4,R
1_A_5_3_5_L,,True,5,3,5,L
1_A_5_3_5_R,,True,5,3,5,R
1_A_5_3_6_L,,True,5,3,6,L
1_A_5_3_6_R,,True,5,3,6,R
1_A_5_3_7_L,,True,5,3,7,L
1_A_5_3_7_R,,True,5,3,7,R
1_A_5_3_8_L,,True,5,3,8,L
1_A_5_3_8_R,,True,5,3,8,R
1_A_5_3_9_L,,True,5,3,9,L
1_A_5_3_9_R,,True,5,3,9,R
1_A_5_3_10_L,,True,5,3,10,L
1_A_5_3_10_R,,True,5,3,10,R
1_A_5_3_11_L,,True,5,3,11,L
1_A_5_3_11_R,,True,5,3,11,R
1_A_5_3_12_L,,True,5,3,12,L
1_A_5_3_12_R,,True,5,3,12,R
1_A_5_3_13_L,,True,5,3,13,L
1_A_5_3_13_R,,True,5,3,13,R
1_A_5_3_14_L,,True,5,3,14,L
1_A_5_3_14_R,,True,5,3,14,R
1_A_5_3_15_L,,True,5,3,15,L
1_A_5_3_15_R,,True,5,3,15,R
1_A_5_3_16_L,,True,5,3,16,L
1_A_5_3_16_R,,True,5,3,16,R
1_A_5_3_17_L,,True,5,3,17,L
1_A_5_3_17_R,,True,5,3,17,R
1_A_5_3_18_L,,True,5,3,18,L
1_A_5_3_18_R,,True,5,3,18,R
1_A_5_3_19_L,,True,5,3,19,L
1_A_5_3_19_R,,True,5,3,19,R
1_A_5_3_20_L,,True,5,3,20,L
1_A_5_3_20_R,,True,5,3,20,R
1_A_5_3_21_L,,True,5,3,21,L
1_A_5_3_21_R,,True,5,3,21,R
1_A_5_3_22_L,,True,5,3,22,L
1_A_5_3_22_R,,True,5,3,22,R
1_A_5_3_23_L,,True,5,3,23,L
1_A_5_3_23_R,,True,5,3,23,R
1_A_5_3_24_L,,True,5,3,24,L
1_A_5_3_24_R,,True,5,3,24,R
1_A_5_3_25_L,,True,5,3,25,L
1_A_5_3_25_R,,True,5,3,25,R
1_A_5_3_26_L,,True,5,3,26,L
1_A_5_3_26_R,,True,5,3,26,R
1_A_5_3_27_L,,True,5,3,27,L
1_A_5_3_27_R,,True,5,3,27,R
1_A_5_4_1_L,,True,5,4,1,L
1_A_5_4_1_R,,True,5,4,1,R
1_A_5_4_2_L,,True,5,4,2,L
1_A_5_4_2_R,,True,5,4,2,R
1_A_5_4_3_L,,True,5,4,3,L
1_A_5_4_3_R,,True,5,4,3,R
1_A_5_4_4_L,,True,5,4,4,L
1_A_5_4_4_R,,True,5,4,4,R
1_A_5_4_5_L,,True,5,4,5,L
1_A_5_4_5_R,,True,5,4,5,R
1_A_5_4_6_L,,True,5,4,6,L
1_A_5_4_6_R,,True,5,4,6,R
1_A_5_4_7_L,,True,5,4,7,L
1_A_5_4_7_R,,True,5,4,7,R
1_A_5_4_8_L,,True,5,4,8,L
1_A_5_4_8_R,,True,5,4,8,R
1_A_5_4_9_L,,True,5,4,9,L
1_A_5_4_9_R,,True,5,4,9,R
1_A_5_4_10_L,,True,5,4,10,L
1_A_5_4_10_R,,True,5,4,10,R
1_A_5_4_11_L,,True,5,4,11,L
1_A_5_4_11_R,,True,5,4,11,R
1_A_5_4_12_L,,True,5,4,12,L
1_A_5_4_12_R,,True,5,4,12,R
1_A_5_4_13_L,,True,5,4,13,L
1_A_5_4_13_R,,True,5,4,13,R
1_A_5_4_14_L,,True,5,4,14,L
1_A_5_4_14_R,,True,5,4,14,R
1_A_5_4_15_L,,True,5,4,15,L
1_A_5_4_15_R,,True,5,4,15,R
1_A_5_4_16_L,,True,5,4,16,L
1_A_5_4_16_R,,True,5,4,16,R
1_A_5_4_17_L,,True,5,4,17,L
1_A_5_4_17_R,,True,5,4,17,R
1_A_5_4_18_L,,True,5,4,18,L
1_A_5_4_18_R,,True,5,4,18,R
1_A_5_4_19_L,,True,5,4,19,L
1_A_5_4_19_R,,True,5,4,19,R
1_A_5_4_20_L,,True,5,4,20,L
1_A_5_4_20_R,,True,5,4,20,R
1_A_5_4_21_L,,True,5,4,21,L
1_A_5_4_21_R,,True,5,4,21,R
1_A_5_4_22_L,,True,5,4,22,L
1_A_5_4_22_R,,True,5,4,22,R
1_A_5_4_23_L,,True,5,4,23,L
1_A_5_4_23_R,,True,5,4,23,R
1_A_5_4_24_L,,True,5,4,24,L
1_A_5_4_24_R,,True,5,4,24,R
1_A_5_4_25_L,,True,5,4,25,L
1_A_5_4_25_R,,True,5,4,25,R
1_A_5_4_26_L,,True,5,4,26,L
1_A_5_4_26_R,,True,5,4,26,R
1_A_5_4_27_L,,True,5,4,27,L
1_A_5_4_27_R,,True,5,4,27,R
1_A_6_1_1_L,,True,6,1,1,L
1_A_6_1_1_R,,True,6,1,1,R
1_A_6_1_2_L,,True,6,1,2,L
1_A_6_1_2_R,,True,6,1,2,R
1_A_6_1_3_L,,True,6,1,3,L
1_A_6_1_3_R,,True,6,1,3,R
1_A_6_1_4_L,,True,6,1,4,L
1_A_6_1_4_R,,True,6,1,4,R
1_A_6_1_5_L,,True,6,1,5,L
1_A_6_1_5_R,,True,6,1,5,R
1_A_6_1_6_L,,True,6,1,6,L
1_A_6_1_6_R,,True,6,1,6,R
1_A_6_1_7_L,,True,6,1,7,L
1_A_6_1_7_R,,True,6,1,7,R
1_A_6_1_8_L,,True,6,1,8,L
1_A_6_1_8_R,,True,6,1,8,R
1_A_6_1_9_L,,True,6,1,9,L
1_A_6_1_9_R,,True,6,1,9,R
1_A_6_1_10_L,,True,6,1,10,L
1_A_6_1_10_R,,True,6,1,10,R
1_A_6_1_11_L,,True,6,1,11,L
1_A_6_1_11_R,,True,6,1,11,R
1_A_6_1_12_L,,True,6,1,12,L
1_A_6_1_12_R,,True,6,1,12,R
1_A_6_1_13_L,,True,6,1,13,L
1_A_6_1_13_R,,True,6,1,13,R
1_A_6_1_14_L,,True,6,1,14,L
1_A_6_1_14_R,,True,6,1,14,R
1_A_6_1_15_L,,True,6,1,15,L
1_A_6_1_15_R,,True,6,1,15,R
1_A_6_1_16_L,,True,6,1,16,L
1_A_6_1_16_R,,True,6,1,16,R
1_A_6_1_17_L,,True,6,1,17,L
1_A_6_1_17_R,,True,6,1,17,R
1_A_6_1_18_L,,True,6,1,18,L
1_A_6_1_18_R,,True,6,1,18,R
1_A_6_1_19_L,,True,6,1,19,L
1_A_6_1_19_R,,True,6,1,19,R
1_A_6_1_20_L,,True,6,1,20,L
1_A_6_1_20_R,,True,6,1,20,R
1_A_6_1_21_L,,True,6,1,21,L
1_A_6_1_21_R,,True,6,1,21,R
1_A_6_1_22_L,,True,6,1,22,L
1_A_6_1_22_R,,True,6,1,22,R
1_A_6_1_23_L,,True,6,1,23,L
1_A_6_1_23_R,,True,6,1,23,R
1_A_6_1_24_L,,True,6,1,24,L
1_A_6_1_24_R,,True,6,1,24,R
1_A_6_1_25_L,,True,6,1,25,L
1_A_6_1_25_R,,True,6,1,25,R
1_A_6_1_26_L,,True,6,1,26,L
1_A_6_1_26_R,,True,6,1,26,R
1_A_6_1_27_L,,True,6,1,27,L
1_A_6_1_27_R,,True,6,1,27,R
1_A_6_2_1_L,,True,6,2,1,L
1_A_6_2_1_R,,True,6,2,1,R
1_A_6_2_2_L,,True,6,2,2,L
1_A_6_2_2_R,,True,6,2,2,R
1_A_6_2_3_L,,True,6,2,3,L
1_A_6_2_3_R,,True,6,2,3,R
1_A_6_2_4_L,,True,6,2,4,L
1_A_6_2_4_R,,True,6,2,4,R
1_A_6_2_5_L,,True,6,2,5,L
1_A_6_2_5_R,,True,6,2,5,R
1_A_6_2_6_L,,True,6,2,6,L
1_A_6_2_6_R,,True,6,2,6,R
1_A_6_2_7_L,,True,6,2,7,L
1_A_6_2_7_R,,True,6,2,7,R
1_A_6_2_8_L,,True,6,2,8,L
1_A_6_2_8_R,,True,6,2,8,R
1_A_6_2_9_L,,True,6,2,9,L
1_A_6_2_9_R,,True,6,2,9,R
1_A_6_2_10_L,,True,6,2,10,L
1_A_6_2_10_R,,True,6,2,10,R
1_A_6_2_11_L,,True,6,2,11,L
1_A_6_2_11_R,,True,6,2,11,R
1_A_6_2_12_L,,True,6,2,12,L
1_A_6_2_12_R,,True,6,2,12,R
1_A_6_2_13_L,,True,6,2,13,L
1_A_6_2_13_R,,True,6,2,13,R
1_A_6_2_14_L,,True,6,2,14,L
1_A_6_2_14_R,,True,6,2,14,R
1_A_6_2_15_L,,True,6,2,15,L
1_A_6_2_15_R,,True,6,2,15,R
1_A_6_2_16_L,,True,6,2,16,L
1_A_6_2_16_R,,True,6,2,16,R
1_A_6_2_17_L,,True,6,2,17,L
1_A_6_2_17_R,,True,6,2,17,R
1_A_6_2_18_L,,True,6,2,18,L
1_A_6_2_18_R,,True,6,2,18,R
1_A_6_2_19_L,,True,6,2,19,L
1_A_6_2_19_R,,True,6,2,19,R
1_A_6_2_20_L,,True,6,2,20,L
1_A_6_2_20_R,,True,6,2,20,R
1_A_6_2_21_L,,True,6,2,21,L
1_A_6_2_21_R,,True,6,2,21,R
1_A_6_2_22_L,,True,6,2,22,L
1_A_6_2_22_R,,True,6,2,22,R
1_A_6_2_23_L,,True,6,2,23,L
1_A_6_2_23_R,,True,6,2,23,R
1_A_6_2_24_L,,True,6,2,24,L
1_A_6_2_24_R,,True,6,2,24,R
1_A_6_2_25_L,,True,6,2,25,L
1_A_6_2_25_R,,True,6,2,25,R
1_A_6_2_26_L,,True,6,2,26,L
1_A_6_2_26_R,,True,6,2,26,R
1_A_6_2_27_L,,True,6,2,27,L
1_A_6_2_27_R,,True,6,2,27,R
1_A_6_3_1_L,,True,6,3,1,L
1_A_6_3_1_R,,True,6,3,1,R
1_A_6_3_2_L,,True,6,3,2,L
1_A_6_3_2_R,,True,6,3,2,R
1_A_6_3_3_L,,True,6,3,3,L
1_A_6_3_3_R,,True,6,3,3,R
1_A_6_3_4_L,,True,6,3,4,L
1_A_6_3_4_R,,True,6,3,4,R
1_A_6_3_5_L,,True,6,3,5,L
1_A_6_3_5_R,,True,6,3,5,R
1_A_6_3_6_L,,True,6,3,6,L
1_A_6_3_6_R,,True,6,3,6,R
1_A_6_3_7_L,,True,6,3,7,L
1_A_6_3_7_R,,True,6,3,7,R
1_A_6_3_8_L,,True,6,3,8,L
1_A_6_3_8_R,,True,6,3,8,R
1_A_6_3_9_L,,True,6,3,9,L
1_A_6_3_9_R,,True,6,3,9,R
1_A_6_3_10_L,,True,6,3,10,L
1_A_6_3_10_R,,True,6,3,10,R
1_A_6_3_11_L,,True,6,3,11,L
1_A_6_3_11_R,,True,6,3,11,R
1_A_6_3_12_L,,True,6,3,12,L
1_A_6_3_12_R,,True,6,3,12,R
1_A_6_3_13_L,,True,6,3,13,L
1_A_6_3_13_R,,True,6,3,13,R
1_A_6_3_14_L,,True,6,3,14,L
1_A_6_3_14_R,,True,6,3,14,R
1_A_6_3_15_L,,True,6,3,15,L
1_A_6_3_15_R,,True,6,3,15,R
1_A_6_3_16_L,,True,6,3,16,L
1_A_6_3_16_R,,True,6,3,16,R
1_A_6_3_17_L,,True,6,3,17,L
1_A_6_3_17_R,,True,6,3,17,R
1_A_6_3_18_L,,True,6,3,18,L
1_A_6_3_18_R,,True,6,3,18,R
1_A_6_3_19_L,,True,6,3,19,L
1_A_6_3_19_R,,True,6,3,19,R
1_A_6_3_20_L,,True,6,3,20,L
1_A_6_3_20_R,,True,6,3,20,R
1_A_6_3_21_L,,True,6,3,21,L
1_A_6_3_21_R,,True,6,3,21,R
1_A_6_3_22_L,,True,6,3,22,L
1_A_6_3_22_R,,True,6,3,22,R
1_A_6_3_23_L,,True,6,3,23,L
1_A_6_3_23_R,,True,6,3,23,R
1_A_6_3_24_L,,True,6,3,24,L
1_A_6_3_24_R,,True,6,3,24,R
1_A_6_3_25_L,,True,6,3,25,L
1_A_6_3_25_R,,True,6,3,25,R
1_A_6_3_26_L,,True,6,3,26,L
1_A_6_3_26_R,,True,6,3,26,R
1_A_6_3_27_L,,True,6,3,27,L
1_A_6_3_27_R,,True,6,3,27,R
1_A_6_4_1_L,,True,6,4,1,L
1_A_6_4_1_R,,True,6,4,1,R
1_A_6_4_2_L,,True,6,4,2,L
1_A_6_4_2_R,,True,6,4,2,R
1_A_6_4_3_L,,True,6,4,3,L
1_A_6_4_3_R,,True,6,4,3,R
1_A_6_4_4_L,,True,6,4,4,L
1_A_6_4_4_R,,True,6,4,4,R
1_A_6_4_5_L,,True,6,4,5,L
1_A_6_4_5_R,,True,6,4,5,R
1_A_6_4_6_L,,True,6,4,6,L
1_A_6_4_6_R,,True,6,4,6,R
1_A_6_4_7_L,,True,6,4,7,L
1_A_6_4_7_R,,True,6,4,7,R
1_A_6_4_8_L,,True,6,4,8,L
1_A_6_4_8_R,,True,6,4,8,R
1_A_6_4_9_L,,True,6,4,9,L
1_A_6_4_9_R,,True,6,4,9,R
1_A_6_4_10_L,,True,6,4,10,L
1_A_6_4_10_R,,True,6,4,10,R
1_A_6_4_11_L,,True,6,4,11,L
1_A_6_4_11_R,,True,6,4,11,R
1_A_6_4_12_L,,True,6,4,12,L
1_A_6_4_12_R,,True,6,4,12,R
1_A_6_4_13_L,,True,6,4,13,L
1_A_6_4_13_R,,True,6,4,13,R
1_A_6_4_14_L,,True,6,4,14,L
1_A_6_4_14_R,,True,6,4,14,R
1_A_6_4_15_L,,True,6,4,15,L
1_A_6_4_15_R,,True,6,4,15,R
1_A_6_4_16_L,,True,6,4,16,L
1_A_6_4_16_R,,True,6,4,16,R
1_A_6_4_17_L,,True,6,4,17,L
1_A_6_4_17_R,,True,6,4,17,R
1_A_6_4_18_L,,True,6,4,18,L
1_A_6_4_18_R,,True,6,4,18,R
1_A_6_4_19_L,,True,6,4,19,L
1_A_6_4_19_R,,True,6,4,19,R
1_A_6_4_20_L,,True,6,4,20,L
1_A_6_4_20_R,,True,6,4,20,R
1_A_6_4_21_L,,True,6,4,21,L
1_A_6_4_21_R,,True,6,4,21,R
1_A_6_4_22_L,,True,6,4,22,L
1_A_6_4_22_R,,True,6,4,22,R
1_A_6_4_23_L,,True,6,4,23,L
1_A_6_4_23_R,,True,6,4,23,R
1_A_6_4_24_L,,True,6,4,24,L
1_A_6_4_24_R,,True,6,4,24,R
1_A_6_4_25_L,,True,6,4,25,L
1_A_6_4_25_R,,True,6,4,25,R
1_A_6_4_26_L,,True,6,4,26,L
1_A_6_4_26_R,,True,6,4,26,R
1_A_6_4_27_L,,True,6,4,27,L
1_A_6_4_27_R,,True,6,4,27,R
1_A_7_1_1_L,,True,7,1,1,L
1_A_7_1_1_R,,True,7,1,1,R
1_A_7_1_2_L,,True,7,1,2,L
1_A_7_1_2_R,,True,7,1,2,R
1_A_7_1_3_L,,True,7,1,3,L
1_A_7_1_3_R,,True,7,1,3,R
1_A_7_1_4_L,,True,7,1,4,L
1_A_7_1_4_R,,True,7,1,4,R
1_A_7_1_5_L,,True,7,1,5,L
1_A_7_1_5_R,,True,7,1,5,R
1_A_7_1_6_L,,True,7,1,6,L
1_A_7_1_6_R,,True,7,1,6,R
1_A_7_1_7_L,,True,7,1,7,L
1_A_7_1_7_R,,True,7,1,7,R
1_A_7_1_8_L,,True,7,1,8,L
1_A_7_1_8_R,,True,7,1,8,R
1_A_7_1_9_L,,True,7,1,9,L
1_A_7_1_9_R,,True,7,1,9,R
1_A_7_1_10_L,,True,7,1,10,L
1_A_7_1_10_R,,True,7,1,10,R
1_A_7_1_11_L,,True,7,1,11,L
1_A_7_1_11_R,,True,7,1,11,R
1_A_7_1_12_L,,True,7,1,12,L
1_A_7_1_12_R,,True,7,1,12,R
1_A_7_1_13_L,,True,7,1,13,L
1_A_7_1_13_R,,True,7,1,13,R
1_A_7_1_14_L,,True,7,1,14,L
1_A_7_1_14_R,,True,7,1,14,R
1_A_7_1_15_L,,True,7,1,15,L
1_A_7_1_15_R,,True,7,1,15,R
1_A_7_1_16_L,,True,7,1,16,L
1_A_7_1_16_R,,True,7,1,16,R
1_A_7_1_17_L,,True,7,1,17,L
1_A_7_1_17_R,,True,7,1,17,R
1_A_7_1_18_L,,True,7,1,18,L
1_A_7_1_18_R,,True,7,1,18,R
1_A_7_1_19_L,,True,7,1,19,L
1_A_7_1_19_R,,True,7,1,19,R
1_A_7_1_20_L,,True,7,1,20,L
1_A_7_1_20_R,,True,7,1,20,R
1_A_7_1_21_L,,True,7,1,21,L
1_A_7_1_21_R,,True,7,1,21,R
1_A_7_1_22_L,,True,7,1,22,L
1_A_7_1_22_R,,True,7,1,22,R
1_A_7_1_23_L,,True,7,1,23,L
1_A_7_1_23_R,,True,7,1,23,R
1_A_7_1_24_L,,True,7,1,24,L
1_A_7_1_24_R,,True,7,1,24,R
1_A_7_1_25_L,,True,7,1,25,L
1_A_7_1_25_R,,True,7,1,25,R
1_A_7_1_26_L,,True,7,1,26,L
1_A_7_1_26_R,,True,7,1,26,R
1_A_7_1_27_L,,True,7,1,27,L
1_A_7_1_27_R,,True,7,1,27,R
1_A_7_2_1_L,,True,7,2,1,L
1_A_7_2_1_R,,True,7,2,1,R
1_A_7_2_2_L,,True,7,2,2,L
1_A_7_2_2_R,,True,7,2,2,R
1_A_7_2_3_L,,True,7,2,3,L
1_A_7_2_3_R,,True,7,2,3,R
1_A_7_2_4_L,,True,7,2,4,L
1_A_7_2_4_R,,True,7,2,4,R
1_A_7_2_5_L,,True,7,2,5,L
1_A_7_2_5_R,,True,7,2,5,R
1_A_7_2_6_L,,True,7,2,6,L
1_A_7_2_6_R,,True,7,2,6,R
1_A_7_2_7_L,,True,7,2,7,L
1_A_7_2_7_R,,True,7,2,7,R
1_A_7_2_8_L,,True,7,2,8,L
1_A_7_2_8_R,,True,7,2,8,R
1_A_7_2_9_L,,True,7,2,9,L
1_A_7_2_9_R,,True,7,2,9,R
1_A_7_2_10_L,,True,7,2,10,L
1_A_7_2_10_R,,True,7,2,10,R
1_A_7_2_11_L,,True,7,2,11,L
1_A_7_2_11_R,,True,7,2,11,R
1_A_7_2_12_L,,True,7,2,12,L
1_A_7_2_12_R,,True,7,2,12,R
1_A_7_2_13_L,,True,7,2,13,L
1_A_7_2_13_R,,True,7,2,13,R
1_A_7_2_14_L,,True,7,2,14,L
1_A_7_2_14_R,,True,7,2,14,R
1_A_7_2_15_L,,True,7,2,15,L
1_A_7_2_15_R,,True,7,2,15,R
1_A_7_2_16_L,,True,7,2,16,L
1_A_7_2_16_R,,True,7,2,16,R
1_A_7_2_17_L,,True,7,2,17,L
1_A_7_2_17_R,,True,7,2,17,R
1_A_7_2_18_L,,True,7,2,18,L
1_A_7_2_18_R,,True,7,2,18,R
1_A_7_2_19_L,,True,7,2,19,L
1_A_7_2_19_R,,True,7,2,19,R
1_A_7_2_20_L,,True,7,2,20,L
1_A_7_2_20_R,,True,7,2,20,R
1_A_7_2_21_L,,True,7,2,21,L
1_A_7_2_21_R,,True,7,2,21,R
1_A_7_2_22_L,,True,7,2,22,L
1_A_7_2_22_R,,True,7,2,22,R
1_A_7_2_23_L,,True,7,2,23,L
1_A_7_2_23_R,,True,7,2,23,R
1_A_7_2_24_L,,True,7,2,24,L
1_A_7_2_24_R,,True,7,2,24,R
1_A_7_2_25_L,,True,7,2,25,L
1_A_7_2_25_R,,True,7,2,25,R
1_A_7_2_26_L,,True,7,2,26,L
1_A_7_2_26_R,,True,7,2,26,R
1_A_7_2_27_L,,True,7,2,27,L
1_A_7_2_27_R,,True,7,2,27,R
1_A_7_3_1_L,,True,7,3,1,L
1_A_7_3_1_R,,True,7,3,1,R
1_A_7_3_2_L,,True,7,3,2,L
1_A_7_3_2_R,,True,7,3,2,R
1_A_7_3_3_L,,True,7,3,3,L
1_A_7_3_3_R,,True,7,3,3,R
1_A_7_3_4_L,,True,7,3,4,L
1_A_7_3_4_R,,True,7,3,4,R
1_A_7_3_5_L,,True,7,3,5,L
1_A_7_3_5_R,,True,7,3,5,R
1_A_7_3_6_L,,True,7,3,6,L
1_A_7_3_6_R,,True,7,3,6,R
1_A_7_3_7_L,,True,7,3,7,L
1_A_7_3_7_R,,True,7,3,7,R
1_A_7_3_8_L,,True,7,3,8,L
1_A_7_3_8_R,,True,7,3,8,R
1_A_7_3_9_L,,True,7,3,9,L
1_A_7_3_9_R,,True,7,3,9,R
1_A_7_3_10_L,,True,7,3,10,L
1_A_7_3_10_R,,True,7,3,10,R
1_A_7_3_11_L,,True,7,3,11,L
1_A_7_3_11_R,,True,7,3,11,R
1_A_7_3_12_L,,True,7,3,12,L
1_A_7_3_12_R,,True,7,3,12,R
1_A_7_3_13_L,,True,7,3,13,L
1_A_7_3_13_R,,True,7,3,13,R
1_A_7_3_14_L,,True,7,3,14,L
1_A_7_3_14_R,,True,7,3,14,R
1_A_7_3_15_L,,True,7,3,15,L
1_A_7_3_15_R,,True,7,3,15,R
1_A_7_3_16_L,,True,7,3,16,L
1_A_7_3_16_R,,True,7,3,16,R
1_A_7_3_17_L,,True,7,3,17,L
1_A_7_3_17_R,,True,7,3,17,R
1_A_7_3_18_L,,True,7,3,18,L
1_A_7_3_18_R,,True,7,3,18,R
1_A_7_3_19_L,,True,7,3,19,L
1_A_7_3_19_R,,True,7,3,19,R
1_A_7_3_20_L,,True,7,3,20,L
1_A_7_3_20_R,,True,7,3,20,R
1_A_7_3_21_L,,True,7,3,21,L
1_A_7_3_21_R,,True,7,3,21,R
1_A_7_3_22_L,,True,7,3,22,L
1_A_7_3_22_R,,True,7,3,22,R
1_A_7_3_23_L,,True,7,3,23,L
1_A_7_3_23_R,,True,7,3,23,R
1_A_7_3_24_L,,True,7,3,24,L
1_A_7_3_24_R,,True,7,3,24,R
1_A_7_3_25_L,,True,7,3,25,L
1_A_7_3_25_R,,True,7,3,25,R
1_A_7_3_26_L,,True,7,3,26,L
1_A_7_3_26_R,,True,7,3,26,R
1_A_7_3_27_L,,True,7,3,27,L
1_A_7_3_27_R,,True,7,3,27,R
1_A_7_4_1_L,,True,7,4,1,L
1_A_7_4_1_R,,True,7,4,1,R
1_A_7_4_2_L,,True,7,4,2,L
1_A_7_4_2_R,,True,7,4,2,R
1_A_7_4_3_L,,True,7,4,3,L
1_A_7_4_3_R,,True,7,4,3,R
1_A_7_4_4_L,,True,7,4,4,L
1_A_7_4_4_R,,True,7,4,4,R
1_A_7_4_5_L,,True,7,4,5,L
1_A_7_4_5_R,,True,7,4,5,R
1_A_7_4_6_L,,True,7,4,6,L
1_A_7_4_6_R,,True,7,4,6,R
1_A_7_4_7_L,,True,7,4,7,L
1_A_7_4_7_R,,True,7,4,7,R
1_A_7_4_8_L,,True,7,4,8,L
1_A_7_4_8_R,,True,7,4,8,R
1_A_7_4_9_L,,True,7,4,9,L
1_A_7_4_9_R,,True,7,4,9,R
1_A_7_4_10_L,,True,7,4,10,L
1_A_7_4_10_R,,True,7,4,10,R
1_A_7_4_11_L,,True,7,4,11,L
1_A_7_4_11_R,,True,7,4,11,R
1_A_7_4_12_L,,True,7,4,12,L
1_A_7_4_12_R,,True,7,4,12,R
1_A_7_4_13_L,,True,7,4,13,L
1_A_7_4_13_R,,True,7,4,13,R
1_A_7_4_14_L,,True,7,4,14,L
1_A_7_4_14_R,,True,7,4,14,R
1_A_7_4_15_L,,True,7,4,15,L
1_A_7_4_15_R,,True,7,4,15,R
1_A_7_4_16_L,,True,7,4,16,L
1_A_7_4_16_R,,True,7,4,16,R
1_A_7_4_17_L,,True,7,4,17,L
1_A_7_4_17_R,,True,7,4,17,R
1_A_7_4_18_L,,True,7,4,18,L
1_A_7_4_18_R,,True,7,4,18,R
1_A_7_4_19_L,,True,7,4,19,L
1_A_7_4_19_R,,True,7,4,19,R
1_A_7_4_20_L,,True,7,4,20,L
1_A_7_4_20_R,,True,7,4,20,R
1_A_7_4_21_L,,True,7,4,21,L
1_A_7_4_21_R,,True,7,4,21,R
1_A_7_4_22_L,,True,7,4,22,L
1_A_7_4_22_R,,True,7,4,22,R
1_A_7_4_23_L,,True,7,4,23,L
1_A_7_4_23_R,,True,7,4,23,R
1_A_7_4_24_L,,True,7,4,24,L
1_A_7_4_24_R,,True,7,4,24,R
1_A_7_4_25_L,,True,7,4,25,L
1_A_7_4_25_R,,True,7,4,25,R
1_A_7_4_26_L,,True,7,4,26,L
1_A_7_4_26_R,,True,7,4,26,R
1_A_7_4_27_L,,True,7,4,27,L
1_A_7_4_27_R,,True,7,4,27,R
1_A_8_1_1_L,,True,8,1,1,L
1_A_8_1_1_R,,True,8,1,1,R
1_A_8_1_2_L,,True,8,1,2,L
1_A_8_1_2_R,,True,8,1,2,R
1_A_8_1_3_L,,True,8,1,3,L
1_A_8_1_3_R,,True,8,1,3,R
1_A_8_1_4_L,,True,8,1,4,L
1_A_8_1_4_R,,True,8,1,4,R
1_A_8_1_5_L,,True,8,1,5,L
1_A_8_1_5_R,,True,8,1,5,R
1_A_8_1_6_L,,True,8,1,6,L
1_A_8_1_6_R,,True,8,1,6,R
1_A_8_1_7_L,,True,8,1,7,L
1_A_8_1_7_R,,True,8,1,7,R
1_A_8_1_8_L,,True,8,1,8,L
1_A_8_1_8_R,,True,8,1,8,R
1_A_8_1_9_L,,True,8,1,9,L
1_A_8_1_9_R,,True,8,1,9,R
1_A_8_1_10_L,,True,8,1,10,L
1_A_8_1_10_R,,True,8,1,10,R
1_A_8_1_11_L,,True,8,1,11,L
1_A_8_1_11_R,,True,8,1,11,R
1_A_8_1_12_L,,True,8,1,12,L
1_A_8_1_12_R,,True,8,1,12,R
1_A_8_1_13_L,,True,8,1,13,L
1_A_8_1_13_R,,True,8,1,13,R
1_A_8_1_14_L,,True,8,1,14,L
1_A_8_1_14_R,,True,8,1,14,R
1_A_8_1_15_L,,True,8,1,15,L
1_A_8_1_15_R,,True,8,1,15,R
1_A_8_1_16_L,,True,8,1,16,L
1_A_8_1_16_R,,True,8,1,16,R
1_A_8_1_17_L,,True,8,1,17,L
1_A_8_1_17_R,,True,8,1,17,R
1_A_8_1_18_L,,True,8,1,18,L
1_A_8_1_18_R,,True,8,1,18,R
1_A_8_1_19_L,,True,8,1,19,L
1_A_8_1_19_R,,True,8,1,19,R
1_A_8_1_20_L,,True,8,1,20,L
1_A_8_1_20_R,,True,8,1,20,R
1_A_8_1_21_L,,True,8,1,21,L
1_A_8_1_21_R,,True,8,1,21,R
1_A_8_1_22_L,,True,8,1,22,L
1_A_8_1_22_R,,True,8,1,22,R
1_A_8_1_23_L,,True,8,1,23,L
1_A_8_1_23_R,,True,8,1,23,R
1_A_8_1_24_L,,True,8,1,24,L
1_A_8_1_24_R,,True,8,1,24,R
1_A_8_1_25_L,,True,8,1,25,L
1_A_8_1_25_R,,True,8,1,25,R
1_A_8_1_26_L,,True,8,1,26,L
1_A_8_1_26_R,,True,8,1,26,R
1_A_8_1_27_L,,True,8,1,27,L
1_A_8_1_27_R,,True,8,1,27,R
1_A_8_2_1_L,,True,8,2,1,L
1_A_8_2_1_R,,True,8,2,1,R
1_A_8_2_2_L,,True,8,2,2,L
1_A_8_2_2_R,,True,8,2,2,R
1_A_8_2_3_L,,True,8,2,3,L
1_A_8_2_3_R,,True,8,2,3,R
1_A_8_2_4_L,,True,8,2,4,L
1_A_8_2_4_R,,True,8,2,4,R
1_A_8_2_5_L,,True,8,2,5,L
1_A_8_2_5_R,,True,8,2,5,R
1_A_8_2_6_L,,True,8,2,6,L
1_A_8_2_6_R,,True,8,2,6,R
1_A_8_2_7_L,,True,8,2,7,L
1_A_8_2_7_R,,True,8,2,7,R
1_A_8_2_8_L,,True,8,2,8,L
1_A_8_2_8_R,,True,8,2,8,R
1_A_8_2_9_L,,True,8,2,9,L
1_A_8_2_9_R,,True,8,2,9,R
1_A_8_2_10_L,,True,8,2,10,L
1_A_8_2_10_R,,True,8,2,10,R
1_A_8_2_11_L,,True,8,2,11,L
1_A_8_2_11_R,,True,8,2,11,R
1_A_8_2_12_L,,True,8,2,12,L
1_A_8_2_12_R,,True,8,2,12,R
1_A_8_2_13_L,,True,8,2,13,L
1_A_8_2_13_R,,True,8,2,13,R
1_A_8_2_14_L,,True,8,2,14,L
1_A_8_2_14_R,,True,8,2,14,R
1_A_8_2_15_L,,True,8,2,15,L
1_A_8_2_15_R,,True,8,2,15,R
1_A_8_2_16_L,,True,8,2,16,L
1_A_8_2_16_R,,True,8,2,16,R
1_A_8_2_17_L,,True,8,2,17,L
1_A_8_2_17_R,,True,8,2,17,R
1_A_8_2_18_L,,True,8,2,18,L
1_A_8_2_18_R,,True,8,2,18,R
1_A_8_2_19_L,,True,8,2,19,L
1_A_8_2_19_R,,True,8,2,19,R
1_A_8_2_20_L,,True,8,2,20,L
1_A_8_2_20_R,,True,8,2,20,R
1_A_8_2_21_L,,True,8,2,21,L
1_A_8_2_21_R,,True,8,2,21,R
1_A_8_2_22_L,,True,8,2,22,L
1_A_8_2_22_R,,True,8,2,22,R
1_A_8_2_23_L,,True,8,2,23,L
1_A_8_2_23_R,,True,8,2,23,R
1_A_8_2_24_L,,True,8,2,24,L
1_A_8_2_24_R,,True,8,2,24,R
1_A_8_2_25_L,,True,8,2,25,L
1_A_8_2_25_R,,True,8,2,25,R
1_A_8_2_26_L,,True,8,2,26,L
1_A_8_2_26_R,,True,8,2,26,R
1_A_8_2_27_L,,True,8,2,27,L
1_A_8_2_27_R,,True,8,2,27,R
1_A_8_3_1_L,,True,8,3,1,L
1_A_8_3_1_R,,True,8,3,1,R
1_A_8_3_2_L,,True,8,3,2,L
1_A_8_3_2_R,,True,8,3,2,R
1_A_8_3_3_L,,True,8,3,3,L
1_A_8_3_3_R,,True,8,3,3,R
1_A_8_3_4_L,,True,8,3,4,L
1_A_8_3_4_R,,True,8,3,4,R
1_A_8_3_5_L,,True,8,3,5,L
1_A_8_3_5_R,,True,8,3,5,R
1_A_8_3_6_L,,True,8,3,6,L
1_A_8_3_6_R,,True,8,3,6,R
1_A_8_3_7_L,,True,8,3,7,L
1_A_8_3_7_R,,True,8,3,7,R
1_A_8_3_8_L,,True,8,3,8,L
1_A_8_3_8_R,,True,8,3,8,R
1_A_8_3_9_L,,True,8,3,9,L
1_A_8_3_9_R,,True,8,3,9,R
1_A_8_3_10_L,,True,8,3,10,L
1_A_8_3_10_R,,True,8,3,10,R
1_A_8_3_11_L,,True,8,3,11,L
1_A_8_3_11_R,,True,8,3,11,R
1_A_8_3_12_L,,True,8,3,12,L
1_A_8_3_12_R,,True,8,3,12,R
1_A_8_3_13_L,,True,8,3,13,L
1_A_8_3_13_R,,True,8,3,13,R
1_A_8_3_14_L,,True,8,3,14,L
1_A_8_3_14_R,,True,8,3,14,R
1_A_8_3_15_L,,True,8,3,15,L
1_A_8_3_15_R,,True,8,3,15,R
1_A_8_3_16_L,,True,8,3,16,L
1_A_8_3_16_R,,True,8,3,16,R
1_A_8_3_17_L,,True,8,3,17,L
1_A_8_3_17_R,,True,8,3,17,R
1_A_8_3_18_L,,True,8,3,18,L
1_A_8_3_18_R,,True,8,3,18,R
1_A_8_3_19_L,,True,8,3,19,L
1_A_8_3_19_R,,True,8,3,19,R
1_A_8_3_20_L,,True,8,3,20,L
1_A_8_3_20_R,,True,8,3,20,R
1_A_8_3_21_L,,True,8,3,21,L
1_A_8_3_21_R,,True,8,3,21,R
1_A_8_3_22_L,,True,8,3,22,L
1_A_8_3_22_R,,True,8,3,22,R
1_A_8_3_23_L,,True,8,3,23,L
1_A_8_3_23_R,,True,8,3,23,R
1_A_8_3_24_L,,True,8,3,24,L
1_A_8_3_24_R,,True,8,3,24,R
1_A_8_3_25_L,,True,8,3,25,L
1_A_8_3_25_R,,True,8,3,25,R
1_A_8_3_26_L,,True,8,3,26,L
1_A_8_3_26_R,,True,8,3,26,R
1_A_8_3_27_L,,True,8,3,27,L
1_A_8_3_27_R,,True,8,3,27,R
1_A_8_4_1_L,,True,8,4,1,L
1_A_8_4_1_R,,True,8,4,1,R
1_A_8_4_2_L,,True,8,4,2,L
1_A_8_4_2_R,,True,8,4,2,R
1_A_8_4_3_L,,True,8,4,3,L
1_A_8_4_3_R,,True,8,4,3,R
1_A_8_4_4_L,,True,8,4,4,L
1_A_8_4_4_R,,True,8,4,4,R
1_A_8_4_5_L,,True,8,4,5,L
1_A_8_4_5_R,,True,8,4,5,R
1_A_8_4_6_L,,True,8,4,6,L
1_A_8_4_6_R,,True,8,4,6,R
1_A_8_4_7_L,,True,8,4,7,L
1_A_8_4_7_R,,True,8,4,7,R
1_A_8_4_8_L,,True,8,4,8,L
1_A_8_4_8_R,,True,8,4,8,R
1_A_8_4_9_L,,True,8,4,9,L
1_A_8_4_9_R,,True,8,4,9,R
1_A_8_4_10_L,,True,8,4,10,L
1_A_8_4_10_R,,True,8,4,10,R
1_A_8_4_11_L,,True,8,4,11,L
1_A_8_4_11_R,,True,8,4,11,R
1_A_8_4_12_L,,True,8,4,12,L
1_A_8_4_12_R,,True,8,4,12,R
1_A_8_4_13_L,,True,8,4,13,L
1_A_8_4_13_R,,True,8,4,13,R
1_A_8_4_14_L,,True,8,4,14,L
1_A_8_4_14_R,,True,8,4,14,R
1_A_8_4_15_L,,True,8,4,15,L
1_A_8_4_15_R,,True,8,4,15,R
1_A_8_4_16_L,,True,8,4,16,L
1_A_8_4_16_R,,True,8,4,16,R
1_A_8_4_17_L,,True,8,4,17,L
1_A_8_4_17_R,,True,8,4,17,R
1_A_8_4_18_L,,True,8,4,18,L
1_A_8_4_18_R,,True,8,4,18,R
1_A_8_4_19_L,,True,8,4,19,L
1_A_8_4_19_R,,True,8,4,19,R
1_A_8_4_20_L,,True,8,4,20,L
1_A_8_4_20_R,,True,8,4,20,R
1_A_8_4_21_L,,True,8,4,21,L
1_A_8_4_21_R,,True,8,4,21,R
1_A_8_4_22_L,,True,8,4,22,L
1_A_8_4_22_R,,True,8,4,22,R
1_A_8_4_23_L,,True,8,4,23,L
1_A_8_4_23_R,,True,8,4,23,R
1_A_8_4_24_L,,True,8,4,24,L
1_A_8_4_24_R,,True,8,4,24,R
1_A_8_4_25_L,,True,8,4,25,L
1_A_8_4_25_R,,True,8,4,25,R
1_A_8_4_26_L,,True,8,4,26,L
1_A_8_4_26_R,,True,8,4,26,R
1_A_8_4_27_L,,True,8,4,27,L
1_A_8_4_27_R,,True,8,4,27,R
1_A_9_1_1_L,,True,9,1,1,L
1_A_9_1_1_R,,True,9,1,1,R
1_A_9_1_2_L,,True,9,1,2,L
1_A_9_1_2_R,,True,9,1,2,R
1_A_9_1_3_L,,True,9,1,3,L
1_A_9_1_3_R,,True,9,1,3,R
1_A_9_1_4_L,,True,9,1,4,L
1_A_9_1_4_R,,True,9,1,4,R
1_A_9_1_5_L,,True,9,1,5,L
1_A_9_1_5_R,,True,9,1,5,R
1_A_9_1_6_L,,True,9,1,6,L
1_A_9_1_6_R,,True,9,1,6,R
1_A_9_1_7_L,,True,9,1,7,L
1_A_9_1_7_R,,True,9,1,7,R
1_A_9_1_8_L,,True,9,1,8,L
1_A_9_1_8_R,,True,9,1,8,R
1_A_9_1_9_L,,True,9,1,9,L
1_A_9_1_9_R,,True,9,1,9,R
1_A_9_1_10_L,,True,9,1,10,L
1_A_9_1_10_R,,True,9,1,10,R
1_A_9_1_11_L,,True,9,1,11,L
1_A_9_1_11_R,,True,9,1,11,R
1_A_9_1_12_L,,True,9,1,12,L
1_A_9_1_12_R,,True,9,1,12,R
1_A_9_1_13_L,,True,9,1,13,L
1_A_9_1_13_R,,True,9,1,13,R
1_A_9_1_14_L,,True,9,1,14,L
1_A_9_1_14_R,,True,9,1,14,R
1_A_9_1_15_L,,True,9,1,15,L
1_A_9_1_15_R,,True,9,1,15,R
1_A_9_1_16_L,,True,9,1,16,L
1_A_9_1_16_R,,True,9,1,16,R
1_A_9_1_17_L,,True,9,1,17,L
1_A_9_1_17_R,,True,9,1,17,R
1_A_9_1_18_L,,True,9,1,18,L
1_A_9_1_18_R,,True,9,1,18,R
1_A_9_1_19_L,,True,9,1,19,L
1_A_9_1_19_R,,True,9,1,19,R
1_A_9_1_20_L,,True,9,1,20,L
1_A_9_1_20_R,,True,9,1,20,R
1_A_9_1_21_L,,True,9,1,21,L
1_A_9_1_21_R,,True,9,1,21,R
1_A_9_1_22_L,,True,9,1,22,L
1_A_9_1_22_R,,True,9,1,22,R
1_A_9_1_23_L,,True,9,1,23,L
1_A_9_1_23_R,,True,9,1,23,R
1_A_9_1_24_L,,True,9,1,24,L
1_A_9_1_24_R,,True,9,1,24,R
1_A_9_1_25_L,,True,9,1,25,L
1_A_9_1_25_R,,True,9,1,25,R
1_A_9_1_26_L,,True,9,1,26,L
1_A_9_1_26_R,,True,9,1,26,R
1_A_9_1_27_L,,True,9,1,27,L
1_A_9_1_27_R,,True,9,1,27,R
1_A_9_2_1_L,,True,9,2,1,L
1_A_9_2_1_R,,True,9,2,1,R
1_A_9_2_2_L,,True,9,2,2,L
1_A_9_2_2_R,,True,9,2,2,R
1_A_9_2_3_L,,True,9,2,3,L
1_A_9_2_3_R,,True,9,2,3,R
1_A_9_2_4_L,,True,9,2,4,L
1_A_9_2_4_R,,True,9,2,4,R
1_A_9_2_5_L,,True,9,2,5,L
1_A_9_2_5_R,,True,9,2,5,R
1_A_9_2_6_L,,True,9,2,6,L
1_A_9_2_6_R,,True,9,2,6,R
1_A_9_2_7_L,,True,9,2,7,L
1_A_9_2_7_R,,True,9,2,7,R
1_A_9_2_8_L,,True,9,2,8,L
1_A_9_2_8_R,,True,9,2,8,R
1_A_9_2_9_L,,True,9,2,9,L
1_A_9_2_9_R,,True,9,2,9,R
1_A_9_2_10_L,,True,9,2,10,L
1_A_9_2_10_R,,True,9,2,10,R
1_A_9_2_11_L,,True,9,2,11,L
1_A_9_2_11_R,,True,9,2,11,R
1_A_9_2_12_L,,True,9,2,12,L
1_A_9_2_12_R,,True,9,2,12,R
1_A_9_2_13_L,,True,9,2,13,L
1_A_9_2_13_R,,True,9,2,13,R
1_A_9_2_14_L,,True,9,2,14,L
1_A_9_2_14_R,,True,9,2,14,R
1_A_9_2_15_L,,True,9,2,15,L
1_A_9_2_15_R,,True,9,2,15,R
1_A_9_2_16_L,,True,9,2,16,L
1_A_9_2_16_R,,True,9,2,16,R
1_A_9_2_17_L,,True,9,2,17,L
1_A_9_2_17_R,,True,9,2,17,R
1_A_9_2_18_L,,True,9,2,18,L
1_A_9_2_18_R,,True,9,2,18,R
1_A_9_2_19_L,,True,9,2,19,L
1_A_9_2_19_R,,True,9,2,19,R
1_A_9_2_20_L,,True,9,2,20,L
1_A_9_2_20_R,,True,9,2,20,R
1_A_9_2_21_L,,True,9,2,21,L
1_A_9_2_21_R,,True,9,2,21,R
1_A_9_2_22_L,,True,9,2,22,L
1_A_9_2_22_R,,True,9,2,22,R
1_A_9_2_23_L,,True,9,2,23,L
1_A_9_2_23_R,,True,9,2,23,R
1_A_9_2_24_L,,True,9,2,24,L
1_A_9_2_24_R,,True,9,2,24,R
1_A_9_2_25_L,,True,9,2,25,L
1_A_9_2_25_R,,True,9,2,25,R
1_A_9_2_26_L,,True,9,2,26,L
1_A_9_2_26_R,,True,9,2,26,R
1_A_9_2_27_L,,True,9,2,27,L
1_A_9_2_27_R,,True,9,2,27,R
1_A_9_3_1_L,,True,9,3,1,L
1_A_9_3_1_R,,True,9,3,1,R
1_A_9_3_2_L,,True,9,3,2,L
1_A_9_3_2_R,,True,9,3,2,R
1_A_9_3_3_L,,True,9,3,3,L
1_A_9_3_3_R,,True,9,3,3,R
1_A_9_3_4_L,,True,9,3,4,L
1_A_9_3_4_R,,True,9,3,4,R
1_A_9_3_5_L,,True,9,3,5,L
1_A_9_3_5_R,,True,9,3,5,R
1_A_9_3_6_L,,True,9,3,6,L
1_A_9_3_6_R,,True,9,3,6,R
1_A_9_3_7_L,,True,9,3,7,L
1_A_9_3_7_R,,True,9,3,7,R
1_A_9_3_8_L,,True,9,3,8,L
1_A_9_3_8_R,,True,9,3,8,R
1_A_9_3_9_L,,True,9,3,9,L
1_A_9_3_9_R,,True,9,3,9,R
1_A_9_3_10_L,,True,9,3,10,L
1_A_9_3_10_R,,True,9,3,10,R
1_A_9_3_11_L,,True,9,3,11,L
1_A_9_3_11_R,,True,9,3,11,R
1_A_9_3_12_L,,True,9,3,12,L
1_A_9_3_12_R,,True,9,3,12,R
1_A_9_3_13_L,,True,9,3,13,L
1_A_9_3_13_R,,True,9,3,13,R
1_A_9_3_14_L,,True,9,3,14,L
1_A_9_3_14_R,,True,9,3,14,R
1_A_9_3_15_L,,True,9,3,15,L
1_A_9_3_15_R,,True,9,3,15,R
1_A_9_3_16_L,,True,9,3,16,L
1_A_9_3_16_R,,True,9,3,16,R
1_A_9_3_17_L,,True,9,3,17,L
1_A_9_3_17_R,,True,9,3,17,R
1_A_9_3_18_L,,True,9,3,18,L
1_A_9_3_18_R,,True,9,3,18,R
1_A_9_3_19_L,,True,9,3,19,L
1_A_9_3_19_R,,True,9,3,19,R
1_A_9_3_20_L,,True,9,3,20,L
1_A_9_3_20_R,,True,9,3,20,R
1_A_9_3_21_L,,True,9,3,21,L
1_A_9_3_21_R,,True,9,3,21,R
1_A_9_3_22_L,,True,9,3,22,L
1_A_9_3_22_R,,True,9,3,22,R
1_A_9_3_23_L,,True,9,3,23,L
1_A_9_3_23_R,,True,9,3,23,R
1_A_9_3_24_L,,True,9,3,24,L
1_A_9_3_24_R,,True,9,3,24,R
1_A_9_3_25_L,,True,9,3,25,L
1_A_9_3_25_R,,True,9,3,25,R
1_A_9_3_26_L,,True,9,3,26,L
1_A_9_3_26_R,,True,9,3,26,R
1_A_9_3_27_L,,True,9,3,27,L
1_A_9_3_27_R,,True,9,3,27,R
1_A_9_4_1_L,,True,9,4,1,L
1_A_9_4_1_R,,True,9,4,1,R
1_A_9_4_2_L,,True,9,4,2,L
1_A_9_4_2_R,,True,9,4,2,R
1_A_9_4_3_L,,True,9,4,3,L
1_A_9_4_3_R,,True,9,4,3,R
1_A_9_4_4_L,,True,9,4,4,L
1_A_9_4_4_R,,True,9,4,4,R
1_A_9_4_5_L,,True,9,4,5,L
1_A_9_4_5_R,,True,9,4,5,R
1_A_9_4_6_L,,True,9,4,6,L
1_A_9_4_6_R,,True,9,4,6,R
1_A_9_4_7_L,,True,9,4,7,L
1_A_9_4_7_R,,True,9,4,7,R
1_A_9_4_8_L,,True,9,4,8,L
1_A_9_4_8_R,,True,9,4,8,R
1_A_9_4_9_L,,True,9,4,9,L
1_A_9_4_9_R,,True,9,4,9,R
1_A_9_4_10_L,,True,9,4,10,L
1_A_9_4_10_R,,True,9,4,10,R
1_A_9_4_11_L,,True,9,4,11,L
1_A_9_4_11_R,,True,9,4,11,R
1_A_9_4_12_L,,True,9,4,12,L
1_A_9_4_12_R,,True,9,4,12,R
1_A_9_4_13_L,,True,9,4,13,L
1_A_9_4_13_R,,True,9,4,13,R
1_A_9_4_14_L,,True,9,4,14,L
1_A_9_4_14_R,,True,9,4,14,R
1_A_9_4_15_L,,True,9,4,15,L
1_A_9_4_15_R,,True,9,4,15,R
1_A_9_4_16_L,,True,9,4,16,L
1_A_9_4_16_R,,True,9,4,16,R
1_A_9_4_17_L,,True,9,4,17,L
1_A_9_4_17_R,,True,9,4,17,R
1_A_9_4_18_L,,True,9,4,18,L
1_A_9_4_18_R,,True,9,4,18,R
1_A_9_4_19_L,,True,9,4,19,L
1_A_9_4_19_R,,True,9,4,19,R
1_A_9_4_20_L,,True,9,4,20,L
1_A_9_4_20_R,,True,9,4,20,R
1_A_9_4_21_L,,True,9,4,21,L
1_A_9_4_21_R,,True,9,4,21,R
1_A_9_4_22_L,,True,9,4,22,L
1_A_9_4_22_R,,True,9,4,22,R
1_A_9_4_23_L,,True,9,4,23,L
1_A_9_4_23_R,,True,9,4,23,R
1_A_9_4_24_L,,True,9,4,24,L
1_A_9_4_24_R,,True,9,4,24,R
1_A_9_4_25_L,,True,9,4,25,L
1_A_9_4_25_R,,True,9,4,25,R
1_A_9_4_26_L,,True,9,4,26,L
1_A_9_4_26_R,,True,9,4,26,R
1_A_9_4_27_L,,True,9,4,27,L
1_A_9_4_27_R,,True,9,4,27,R
1_A_10_1_1_L,,True,10,1,1,L
1_A_10_1_1_R,,True,10,1,1,R
1_A_10_1_2_L,,True,10,1,2,L
1_A_10_1_2_R,,True,10,1,2,R
1_A_10_1_3_L,,True,10,1,3,L
1_A_10_1_3_R,,True,10,1,3,R
1_A_10_1_4_L,,True,10,1,4,L
1_A_10_1_4_R,,True,10,1,4,R
1_A_10_1_5_L,,True,10,1,5,L
1_A_10_1_5_R,,True,10,1,5,R
1_A_10_1_6_L,,True,10,1,6,L
1_A_10_1_6_R,,True,10,1,6,R
1_A_10_1_7_L,,True,10,1,7,L
1_A_10_1_7_R,,True,10,1,7,R
1_A_10_1_8_L,,True,10,1,8,L
1_A_10_1_8_R,,True,10,1,8,R
1_A_10_1_9_L,,True,10,1,9,L
1_A_10_1_9_R,,True,10,1,9,R
1_A_10_1_10_L,,True,10,1,10,L
1_A_10_1_10_R,,True,10,1,10,R
1_A_10_1_11_L,,True,10,1,11,L
1_A_10_1_11_R,,True,10,1,11,R
1_A_10_1_12_L,,True,10,1,12,L
1_A_10_1_12_R,,True,10,1,12,R
1_A_10_1_13_L,,True,10,1,13,L
1_A_10_1_13_R,,True,10,1,13,R
1_A_10_1_14_L,,True,10,1,14,L
1_A_10_1_14_R,,True,10,1,14,R
1_A_10_1_15_L,,True,10,1,15,L
1_A_10_1_15_R,,True,10,1,15,R
1_A_10_1_16_L,,True,10,1,16,L
1_A_10_1_16_R,,True,10,1,16,R
1_A_10_1_17_L,,True,10,1,17,L
1_A_10_1_17_R,,True,10,1,17,R
1_A_10_1_18_L,,True,10,1,18,L
1_A_10_1_18_R,,True,10,1,18,R
1_A_10_1_19_L,,True,10,1,19,L
1_A_10_1_19_R,,True,10,1,19,R
1_A_10_1_20_L,,True,10,1,20,L
1_A_10_1_20_R,,True,10,1,20,R
1_A_10_1_21_L,,True,10,1,21,L
1_A_10_1_21_R,,True,10,1,21,R
1_A_10_1_22_L,,True,10,1,22,L
1_A_10_1_22_R,,True,10,1,22,R
1_A_10_1_23_L,,True,10,1,23,L
1_A_10_1_23_R,,True,10,1,23,R
1_A_10_1_24_L,,True,10,1,24,L
1_A_10_1_24_R,,True,10,1,24,R
1_A_10_1_25_L,,True,10,1,25,L
1_A_10_1_25_R,,True,10,1,25,R
1_A_10_1_26_L,,True,10,1,26,L
1_A_10_1_26_R,,True,10,1,26,R
1_A_10_1_27_L,,True,10,1,27,L
1_A_10_1_27_R,,True,10,1,27,R
1_A_10_2_1_L,,True,10,2,1,L
1_A_10_2_1_R,,True,10,2,1,R
1_A_10_2_2_L,,True,10,2,2,L
1_A_10_2_2_R,,True,10,2,2,R
1_A_10_2_3_L,,True,10,2,3,L
1_A_10_2_3_R,,True,10,2,3,R
1_A_10_2_4_L,,True,10,2,4,L
1_A_10_2_4_R,,True,10,2,4,R
1_A_10_2_5_L,,True,10,2,5,L
1_A_10_2_5_R,,True,10,2,5,R
1_A_10_2_6_L,,True,10,2,6,L
1_A_10_2_6_R,,True,10,2,6,R
1_A_10_2_7_L,,True,10,2,7,L
1_A_10_2_7_R,,True,10,2,7,R
1_A_10_2_8_L,,True,10,2,8,L
1_A_10_2_8_R,,True,10,2,8,R
1_A_10_2_9_L,,True,10,2,9,L
1_A_10_2_9_R,,True,10,2,9,R
1_A_10_2_10_L,,True,10,2,10,L
1_A_10_2_10_R,,True,10,2,10,R
1_A_10_2_11_L,,True,10,2,11,L
1_A_10_2_11_R,,True,10,2,11,R
1_A_10_2_12_L,,True,10,2,12,L
1_A_10_2_12_R,,True,10,2,12,R
1_A_10_2_13_L,,True,10,2,13,L
1_A_10_2_13_R,,True,10,2,13,R
1_A_10_2_14_L,,True,10,2,14,L
1_A_10_2_14_R,,True,10,2,14,R
1_A_10_2_15_L,,True,10,2,15,L
1_A_10_2_15_R,,True,10,2,15,R
1_A_10_2_16_L,,True,10,2,16,L
1_A_10_2_16_R,,True,10,2,16,R
1_A_10_2_17_L,,True,10,2,17,L
1_A_10_2_17_R,,True,10,2,17,R
1_A_10_2_18_L,,True,10,2,18,L
1_A_10_2_18_R,,True,10,2,18,R
1_A_10_2_19_L,,True,10,2,19,L
1_A_10_2_19_R,,True,10,2,19,R
1_A_10_2_20_L,,True,10,2,20,L
1_A_10_2_20_R,,True,10,2,20,R
1_A_10_2_21_L,,True,10,2,21,L
1_A_10_2_21_R,,True,10,2,21,R
1_A_10_2_22_L,,True,10,2,22,L
1_A_10_2_22_R,,True,10,2,22,R
1_A_10_2_23_L,,True,10,2,23,L
1_A_10_2_23_R,,True,10,2,23,R
1_A_10_2_24_L,,True,10,2,24,L
1_A_10_2_24_R,,True,10,2,24,R
1_A_10_2_25_L,,True,10,2,25,L
1_A_10_2_25_R,,True,10,2,25,R
1_A_10_2_26_L,,True,10,2,26,L
1_A_10_2_26_R,,True,10,2,26,R
1_A_10_2_27_L,,True,10,2,27,L
1_A_10_2_27_R,,True,10,2,27,R
1_A_10_3_1_L,,True,10,3,1,L
1_A_10_3_1_R,,True,10,3,1,R
1_A_10_3_2_L,,True,10,3,2,L
1_A_10_3_2_R,,True,10,3,2,R
1_A_10_3_3_L,,True,10,3,3,L
1_A_10_3_3_R,,True,10,3,3,R
1_A_10_3_4_L,,True,10,3,4,L
1_A_10_3_4_R,,True,10,3,4,R
1_A_10_3_5_L,,True,10,3,5,L
1_A_10_3_5_R,,True,10,3,5,R
1_A_10_3_6_L,,True,10,3,6,L
1_A_10_3_6_R,,True,10,3,6,R
1_A_10_3_7_L,,True,10,3,7,L
1_A_10_3_7_R,,True,10,3,7,R
1_A_10_3_8_L,,True,10,3,8,L
1_A_10_3_8_R,,True,10,3,8,R
1_A_10_3_9_L,,True,10,3,9,L
1_A_10_3_9_R,,True,10,3,9,R
1_A_10_3_10_L,,True,10,3,10,L
1_A_10_3_10_R,,True,10,3,10,R
1_A_10_3_11_L,,True,10,3,11,L
1_A_10_3_11_R,,True,10,3,11,R
1_A_10_3_12_L,,True,10,3,12,L
1_A_10_3_12_R,,True,10,3,12,R
1_A_10_3_13_L,,True,10,3,13,L
1_A_10_3_13_R,,True,10,3,13,R
1_A_10_3_14_L,,True,10,3,14,L
1_A_10_3_14_R,,True,10,3,14,R
1_A_10_3_15_L,,True,10,3,15,L
1_A_10_3_15_R,,True,10,3,15,R
1_A_10_3_16_L,,True,10,3,16,L
1_A_10_3_16_R,,True,10,3,16,R
1_A_10_3_17_L,,True,10,3,17,L
1_A_10_3_17_R,,True,10,3,17,R
1_A_10_3_18_L,,True,10,3,18,L
1_A_10_3_18_R,,True,10,3,18,R
1_A_10_3_19_L,,True,10,3,19,L
1_A_10_3_19_R,,True,10,3,19,R
1_A_10_3_20_L,,True,10,3,20,L
1_A_10_3_20_R,,True,10,3,20,R
1_A_10_3_21_L,,True,10,3,21,L
1_A_10_3_21_R,,True,10,3,21,R
1_A_10_3_22_L,,True,10,3,22,L
1_A_10_3_22_R,,True,10,3,22,R
1_A_10_3_23_L,,True,10,3,23,L
1_A_10_3_23_R,,True,10,3,23,R
1_A_10_3_24_L,,True,10,3,24,L
1_A_10_3_24_R,,True,10,3,24,R
1_A_10_3_25_L,,True,10,3,25,L
1_A_10_3_25_R,,True,10,3,25,R
1_A_10_3_26_L,,True,10,3,26,L
1_A_10_3_26_R,,True,10,3,26,R
1_A_10_3_27_L,,True,10,3,27,L
1_A_10_3_27_R,,True,10,3,27,R
1_A_10_4_1_L,,True,10,4,1,L
1_A_10_4_1_R,,True,10,4,1,R
1_A_10_4_2_L,,True,10,4,2,L
1_A_10_4_2_R,,True,10,4,2,R
1_A_10_4_3_L,,True,10,4,3,L
1_A_10_4_3_R,,True,10,4,3,R
1_A_10_4_4_L,,True,10,4,4,L
1_A_10_4_4_R,,True,10,4,4,R
1_A_10_4_5_L,,True,10,4,5,L
1_A_10_4_5_R,,True,10,4,5,R
1_A_10_4_6_L,,True,10,4,6,L
1_A_10_4_6_R,,True,10,4,6,R
1_A_10_4_7_L,,True,10,4,7,L
1_A_10_4_7_R,,True,10,4,7,R
1_A_10_4_8_L,,True,10,4,8,L
1_A_10_4_8_R,,True,10,4,8,R
1_A_10_4_9_L,,True,10,4,9,L
1_A_10_4_9_R,,True,10,4,9,R
1_A_10_4_10_L,,True,10,4,10,L
1_A_10_4_10_R,,True,10,4,10,R
1_A_10_4_11_L,,True,10,4,11,L
1_A_10_4_11_R,,True,10,4,11,R
1_A_10_4_12_L,,True,10,4,12,L
1_A_10_4_12_R,,True,10,4,12,R
1_A_10_4_13_L,,True,10,4,13,L
1_A_10_4_13_R,,True,10,4,13,R
1_A_10_4_14_L,,True,10,4,14,L
1_A_10_4_14_R,,True,10,4,14,R
1_A_10_4_15_L,,True,10,4,15,L
1_A_10_4_15_R,,True,10,4,15,R
1_A_10_4_16_L,,True,10,4,16,L
1_A_10_4_16_R,,True,10,4,16,R
1_A_10_4_17_L,,True,10,4,17,L
1_A_10_4_17_R,,True,10,4,17,R
1_A_10_4_18_L,,True,10,4,18,L
1_A_10_4_18_R,,True,10,4,18,R
1_A_10_4_19_L,,True,10,4,19,L
1_A_10_4_19_R,,True,10,4,19,R
1_A_10_4_20_L,,True,10,4,20,L
1_A_10_4_20_R,,True,10,4,20,R
1_A_10_4_21_L,,True,10,4,21,L
1_A_10_4_21_R,,True,10,4,21,R
1_A_10_4_22_L,,True,10,4,22,L
1_A_10_4_22_R,,True,10,4,22,R
1_A_10_4_23_L,,True,10,4,23,L
1_A_10_4_23_R,,True,10,4,23,R
1_A_10_4_24_L,,True,10,4,24,L
1_A_10_4_24_R,,True,10,4,24,R
1_A_10_4_25_L,,True,10,4,25,L
1_A_10_4_25_R,,True,10,4,25,R
1_A_10_4_26_L,,True,10,4,26,L
1_A_10_4_26_R,,True,10,4,26,R
1_A_10_4_27_L,,True,10,4,27,L
1_A_10_4_27_R,,True,10,4,27,R
